Date,Open Interest,Producer_Merchant_Processor_User_Longs,Producer_Merchant_Processor_User_Shorts,Swap Dealer Longs,Swap Dealer Shorts,Swap Dealer Spreads,Money Manager Longs,Money Manager Shorts,Money Manager Spreads,Other Reportable Longs,Other Reportable Shorts,Other Reportable Spreads,Total Reportable Longs,Total Reportable Shorts,Non Reportable Longs,Non Reportable Shorts
2018-07-10,1818055.0,500172.0,750062.0,208128.0,39513.0,99477.0,263353.0,404297.0,154286.0,320946.0,70682.0,98709.0,1645071.0,1617026.0,172984.0,201029.0
2018-07-03,1830330.0,484257.0,773851.0,210341.0,36927.0,100340.0,274795.0,382191.0,149756.0,322256.0,66508.0,119627.0,1661372.0,1629200.0,168958.0,201130.0
2018-06-26,1885804.0,513100.0,840177.0,223131.0,32763.0,91972.0,287061.0,377825.0,153461.0,330396.0,58283.0,116745.0,1715866.0,1671226.0,169938.0,214578.0
2018-06-19,1992169.0,525197.0,920764.0,222105.0,41144.0,99285.0,299377.0,356828.0,163454.0,379025.0,56652.0,135078.0,1823521.0,1773205.0,168648.0,218964.0
2018-06-12,1963233.0,488666.0,917204.0,235249.0,37674.0,93281.0,292054.0,304292.0,172623.0,363918.0,65030.0,147098.0,1792889.0,1737202.0,170344.0,226031.0
2018-06-05,1988935.0,467925.0,948202.0,253260.0,35568.0,113775.0,306994.0,228298.0,215006.0,320467.0,69124.0,147811.0,1825238.0,1757784.0,163697.0,231151.0
2018-05-29,1959252.0,440373.0,1001517.0,280923.0,31117.0,90754.0,335541.0,154751.0,231064.0,291999.0,80180.0,132592.0,1803246.0,1721975.0,156006.0,237277.0
2018-05-22,1884621.0,397612.0,973771.0,289083.0,33234.0,60749.0,340066.0,149131.0,221273.0,292853.0,83450.0,125984.0,1727620.0,1647592.0,157001.0,237029.0
2018-05-15,1831023.0,392356.0,967057.0,295207.0,31920.0,53143.0,330210.0,145437.0,204039.0,287970.0,78433.0,116933.0,1679858.0,1596962.0,151165.0,234061.0
2018-05-08,1792804.0,378464.0,968139.0,296779.0,32840.0,53093.0,339273.0,133126.0,182509.0,284423.0,78417.0,116105.0,1650646.0,1564229.0,142158.0,228575.0
2018-05-01,1750116.0,346782.0,928927.0,291764.0,29462.0,58676.0,339428.0,153152.0,143805.0,283443.0,76012.0,137859.0,1601757.0,1527893.0,148359.0,222223.0
2018-04-24,1797330.0,393843.0,910450.0,283890.0,28810.0,56636.0,299404.0,185286.0,161182.0,281200.0,61902.0,163911.0,1640066.0,1568177.0,157264.0,229153.0
2018-04-17,1854949.0,434498.0,955800.0,288297.0,28215.0,58171.0,292821.0,166432.0,174478.0,291686.0,78015.0,159854.0,1699805.0,1620965.0,155144.0,233984.0
2018-04-10,1882013.0,428661.0,980464.0,281224.0,31015.0,61750.0,323112.0,153327.0,165868.0,289935.0,77416.0,176377.0,1726927.0,1646217.0,155086.0,235796.0
2018-04-03,1865937.0,425732.0,960100.0,274456.0,30097.0,77629.0,319724.0,181479.0,148849.0,308671.0,79599.0,155336.0,1710397.0,1633089.0,155540.0,232848.0
2018-03-27,1850903.0,447504.0,927130.0,276755.0,26444.0,82294.0,307875.0,199036.0,143169.0,274971.0,82075.0,163920.0,1696488.0,1624068.0,154415.0,226835.0
2018-03-20,1862226.0,429031.0,973564.0,281100.0,30100.0,64804.0,368293.0,160917.0,154038.0,256449.0,85224.0,161785.0,1715500.0,1630432.0,146726.0,231794.0
2018-03-13,1860162.0,401212.0,997799.0,292225.0,30843.0,45440.0,379108.0,141465.0,175090.0,250832.0,73025.0,164738.0,1708645.0,1628400.0,151517.0,231762.0
2018-03-06,1743951.0,399525.0,924373.0,288266.0,25413.0,44780.0,344088.0,180474.0,147819.0,234011.0,77241.0,132998.0,1591487.0,1533098.0,152464.0,210853.0
2018-02-27,1636559.0,390418.0,810533.0,268349.0,24480.0,42803.0,282353.0,223908.0,146197.0,225124.0,69077.0,123112.0,1478356.0,1440110.0,158203.0,196449.0
2018-02-20,1681923.0,393842.0,756271.0,253988.0,23646.0,64471.0,265863.0,243467.0,158432.0,230038.0,86502.0,143263.0,1509897.0,1476052.0,172026.0,205871.0
2018-02-13,1661360.0,410526.0,753601.0,252468.0,22166.0,62435.0,258539.0,263755.0,147588.0,218971.0,79783.0,132343.0,1482870.0,1461671.0,178490.0,199689.0
2018-02-06,1711904.0,440104.0,716045.0,252863.0,23627.0,69459.0,242857.0,327729.0,143346.0,210362.0,77420.0,162464.0,1521455.0,1520090.0,190449.0,191814.0
2018-01-30,1692248.0,430105.0,682085.0,254055.0,23087.0,60026.0,236675.0,365729.0,159183.0,216821.0,74013.0,144759.0,1501624.0,1508882.0,190624.0,183366.0
2018-01-23,1668554.0,456452.0,619520.0,248047.0,26811.0,57343.0,207907.0,424964.0,157560.0,216526.0,76494.0,131183.0,1475018.0,1493875.0,193536.0,174679.0
2018-01-16,1637164.0,442113.0,590885.0,248122.0,28943.0,47953.0,213267.0,438330.0,163816.0,207854.0,75038.0,119332.0,1442457.0,1464297.0,194707.0,172867.0
2018-01-09,1589938.0,423112.0,575621.0,250654.0,29483.0,47588.0,204600.0,421432.0,164268.0,205698.0,75580.0,101780.0,1397700.0,1415752.0,192238.0,174186.0
2018-01-02,1542911.0,407230.0,585777.0,256760.0,27014.0,46265.0,213196.0,402732.0,146881.0,190235.0,70430.0,91775.0,1352342.0,1370874.0,190569.0,172037.0
2017-12-26,1544322.0,414867.0,584759.0,257477.0,30139.0,43809.0,211405.0,409898.0,140926.0,195747.0,71911.0,89728.0,1353959.0,1371170.0,190363.0,173152.0
2017-12-19,1549922.0,407312.0,564007.0,258967.0,29498.0,41523.0,209192.0,432597.0,152434.0,200351.0,69918.0,86851.0,1356630.0,1376828.0,193292.0,173094.0
2017-12-12,1520469.0,393125.0,568209.0,269370.0,31123.0,38694.0,207082.0,406002.0,153715.0,193764.0,70693.0,76454.0,1332204.0,1344890.0,188265.0,175579.0
2017-12-05,1484205.0,370763.0,564709.0,270083.0,28082.0,34615.0,230912.0,385973.0,140808.0,173646.0,72293.0,84859.0,1305686.0,1311339.0,178519.0,172866.0
2017-11-28,1573236.0,433879.0,589658.0,269001.0,29918.0,39184.0,216408.0,410428.0,140408.0,172552.0,70384.0,105789.0,1377221.0,1385769.0,196015.0,187467.0
2017-11-21,1681453.0,477484.0,614456.0,252029.0,28819.0,58497.0,219169.0,431448.0,142111.0,204716.0,85074.0,126964.0,1480970.0,1487369.0,200483.0,194084.0
2017-11-14,1702668.0,499638.0,596750.0,250166.0,31440.0,64575.0,204586.0,447470.0,141948.0,207084.0,89313.0,127850.0,1495847.0,1499346.0,206821.0,203322.0
2017-11-07,1623655.0,436352.0,580769.0,245536.0,26264.0,63833.0,202829.0,405285.0,133645.0,189210.0,73754.0,150621.0,1422026.0,1434171.0,201629.0,189484.0
2017-10-31,1593417.0,435300.0,567550.0,242678.0,29218.0,64734.0,195077.0,394212.0,119898.0,181796.0,74420.0,151780.0,1391263.0,1401812.0,202154.0,191605.0
2017-10-24,1546282.0,398663.0,559401.0,249400.0,28523.0,52939.0,214861.0,370168.0,121621.0,166012.0,81261.0,140879.0,1344375.0,1354792.0,201907.0,191490.0
2017-10-17,1489037.0,375481.0,546278.0,251371.0,32591.0,42212.0,213330.0,367969.0,118465.0,169019.0,78557.0,116697.0,1286575.0,1302769.0,202462.0,186268.0
2017-10-10,1449877.0,367445.0,547867.0,252739.0,30172.0,39938.0,212150.0,363113.0,110558.0,162388.0,73085.0,103574.0,1248792.0,1268307.0,201085.0,181570.0
2017-10-03,1433227.0,356064.0,553654.0,257335.0,30671.0,40287.0,216268.0,347227.0,99147.0,158739.0,74883.0,110303.0,1238143.0,1256172.0,195084.0,177055.0
2017-09-26,1405286.0,341706.0,557248.0,252289.0,26368.0,38522.0,219642.0,341313.0,94838.0,161533.0,72789.0,99610.0,1208140.0,1230688.0,197146.0,174598.0
2017-09-19,1395966.0,346181.0,546176.0,248463.0,29618.0,35316.0,218664.0,349566.0,99793.0,159564.0,66687.0,92639.0,1200620.0,1219795.0,195346.0,176171.0
2017-09-12,1368725.0,341560.0,557503.0,247964.0,27190.0,27878.0,218509.0,334853.0,90839.0,155284.0,63554.0,96217.0,1178251.0,1198034.0,190474.0,170691.0
2017-09-05,1337632.0,333770.0,556243.0,245987.0,28946.0,25322.0,215999.0,319897.0,90850.0,153920.0,64022.0,86495.0,1152343.0,1171775.0,185289.0,165857.0
2017-08-29,1373874.0,356603.0,586028.0,245868.0,26970.0,24820.0,220845.0,284377.0,96266.0,139852.0,73944.0,103744.0,1187998.0,1196149.0,185876.0,177725.0
2017-08-22,1447921.0,387731.0,663750.0,239180.0,31770.0,26811.0,228781.0,254804.0,91645.0,177686.0,81155.0,111663.0,1263497.0,1261598.0,184424.0,186323.0
2017-08-15,1405868.0,367754.0,670428.0,238701.0,29408.0,25669.0,233556.0,204671.0,97888.0,165378.0,91004.0,99795.0,1228741.0,1218863.0,177127.0,187005.0
2017-08-08,1391126.0,347467.0,686148.0,240666.0,31019.0,46869.0,234162.0,170480.0,88863.0,160443.0,86361.0,96336.0,1214806.0,1206076.0,176320.0,185050.0
2017-08-01,1434247.0,355775.0,693080.0,233319.0,29556.0,70283.0,247063.0,165620.0,83369.0,154224.0,87472.0,119339.0,1263372.0,1248719.0,170875.0,185528.0
2017-07-25,1400075.0,345939.0,706858.0,237985.0,29632.0,48096.0,246547.0,139869.0,77014.0,147700.0,82313.0,126914.0,1230195.0,1210696.0,169880.0,189379.0
2017-07-18,1400131.0,362938.0,727356.0,232757.0,28045.0,49749.0,251564.0,143761.0,77865.0,150867.0,81523.0,108851.0,1234591.0,1217150.0,165540.0,182981.0
2017-07-11,1373866.0,335189.0,702553.0,232039.0,27033.0,58792.0,263074.0,148008.0,68334.0,150542.0,89863.0,98592.0,1206562.0,1193175.0,167304.0,180691.0
2017-07-03,1330520.0,338128.0,572237.0,218217.0,28666.0,64062.0,223757.0,261364.0,74206.0,152028.0,70941.0,77660.0,1148058.0,1149136.0,182462.0,181384.0
2017-06-27,1361668.0,349966.0,513493.0,209454.0,26072.0,66827.0,219901.0,325471.0,91763.0,144184.0,69622.0,95703.0,1177798.0,1188951.0,183870.0,172717.0
2017-06-20,1422725.0,319446.0,551619.0,213167.0,29116.0,77677.0,248050.0,298377.0,105196.0,169063.0,76836.0,106121.0,1238720.0,1244942.0,184005.0,177783.0
2017-06-13,1444543.0,292955.0,566550.0,211656.0,27828.0,84488.0,265153.0,269168.0,117695.0,172991.0,83718.0,113508.0,1258446.0,1262955.0,186097.0,181588.0
2017-06-06,1413738.0,332014.0,501633.0,215143.0,25675.0,75962.0,246423.0,373501.0,93472.0,172022.0,77403.0,97976.0,1233012.0,1245622.0,180726.0,168116.0
2017-05-30,1390444.0,347970.0,457969.0,222251.0,23267.0,69248.0,214236.0,412350.0,89656.0,168574.0,69961.0,101448.0,1213383.0,1223899.0,177061.0,166545.0
2017-05-23,1389074.0,340185.0,478966.0,222579.0,23724.0,63170.0,215676.0,388864.0,88237.0,181000.0,74482.0,108272.0,1219119.0,1225715.0,169955.0,163359.0
2017-05-16,1371182.0,341312.0,449920.0,225196.0,22634.0,58337.0,207524.0,408219.0,84521.0,173980.0,70586.0,115334.0,1206204.0,1209551.0,164978.0,161631.0
2017-05-09,1357901.0,346775.0,455293.0,228524.0,23380.0,59958.0,190389.0,394365.0,87328.0,175314.0,71145.0,108269.0,1196557.0,1199738.0,161344.0,158163.0
2017-05-02,1326162.0,333834.0,464217.0,228911.0,25226.0,62110.0,194698.0,365301.0,80654.0,169064.0,75178.0,97390.0,1166661.0,1170076.0,159501.0,156086.0
2017-04-25,1431459.0,388768.0,515216.0,228218.0,23650.0,62005.0,196788.0,377148.0,107506.0,166847.0,69755.0,109630.0,1259762.0,1264910.0,171697.0,166549.0
2017-04-18,1475977.0,394406.0,555238.0,228764.0,20175.0,73310.0,187399.0,347776.0,113772.0,188379.0,64744.0,122188.0,1308218.0,1297203.0,167759.0,178774.0
2017-04-11,1457532.0,382741.0,560148.0,234396.0,19847.0,71212.0,199311.0,346554.0,107857.0,181169.0,59690.0,110801.0,1287487.0,1276109.0,170045.0,181423.0
2017-04-04,1455465.0,372447.0,547054.0,227191.0,20587.0,86757.0,190938.0,332697.0,113568.0,185893.0,58675.0,113368.0,1290162.0,1272706.0,165303.0,182759.0
2017-03-28,1433425.0,353547.0,519307.0,235106.0,17919.0,78036.0,195089.0,346887.0,110072.0,181245.0,52199.0,122403.0,1275498.0,1246823.0,157927.0,186602.0
2017-03-21,1417628.0,319360.0,599788.0,272373.0,18129.0,44618.0,209725.0,293843.0,112045.0,199416.0,51649.0,105652.0,1263189.0,1225724.0,154439.0,191904.0
2017-03-14,1376269.0,312455.0,634262.0,268106.0,18151.0,44456.0,211726.0,239078.0,111453.0,189055.0,48898.0,88338.0,1225589.0,1184636.0,150680.0,191633.0
2017-03-07,1373407.0,267103.0,686189.0,283734.0,17282.0,37523.0,278156.0,191136.0,107077.0,169087.0,57217.0,89720.0,1232400.0,1186144.0,141007.0,187263.0
2017-02-28,1361513.0,272990.0,700668.0,292390.0,17394.0,20143.0,269490.0,181833.0,106118.0,167058.0,60268.0,89803.0,1217992.0,1176227.0,143521.0,185286.0
2017-02-21,1501027.0,324144.0,730507.0,308717.0,16288.0,37495.0,294420.0,187662.0,104171.0,161301.0,95121.0,125970.0,1356218.0,1297214.0,144809.0,203813.0
2017-02-14,1468620.0,294170.0,686219.0,296859.0,13453.0,54996.0,296824.0,199625.0,101604.0,163739.0,90522.0,113462.0,1321654.0,1259881.0,146966.0,208739.0
2017-02-07,1383789.0,289430.0,627309.0,286953.0,13075.0,43009.0,255290.0,219373.0,93682.0,157819.0,76554.0,113026.0,1239209.0,1186028.0,144580.0,197761.0
2017-01-31,1346772.0,306849.0,621461.0,275903.0,10380.0,38220.0,231087.0,226259.0,89000.0,159222.0,67027.0,105540.0,1205821.0,1157887.0,140951.0,188885.0
2017-01-24,1351289.0,296263.0,615328.0,274937.0,11885.0,29369.0,250506.0,232746.0,99444.0,164975.0,75998.0,95077.0,1210571.0,1159847.0,140718.0,191442.0
2017-01-17,1321861.0,304114.0,591022.0,270018.0,10376.0,22318.0,202824.0,256592.0,79388.0,186115.0,65546.0,115135.0,1179912.0,1140377.0,141949.0,181484.0
2017-01-10,1251333.0,296844.0,542452.0,255003.0,8030.0,16076.0,188161.0,265639.0,71990.0,178490.0,57991.0,106517.0,1113081.0,1068695.0,138252.0,182638.0
2017-01-03,1244604.0,313912.0,550331.0,242814.0,5720.0,12705.0,177373.0,271407.0,69481.0,177306.0,57248.0,107198.0,1100789.0,1074090.0,143815.0,170514.0
2016-12-27,1231462.0,305691.0,540774.0,261693.0,3607.0,12425.0,163648.0,273250.0,63799.0,178037.0,58581.0,105195.0,1090488.0,1057631.0,140974.0,173831.0
2016-12-20,1227436.0,286382.0,554458.0,269326.0,3990.0,13254.0,163765.0,259291.0,60775.0,191416.0,49869.0,107177.0,1092095.0,1048814.0,135341.0,178622.0
2016-12-13,1219931.0,272019.0,573118.0,274278.0,4016.0,13214.0,169404.0,238454.0,56442.0,196750.0,56401.0,105236.0,1087343.0,1046881.0,132588.0,173050.0
2016-12-06,1221274.0,273003.0,574556.0,271746.0,4518.0,13611.0,170687.0,236115.0,52289.0,190828.0,53787.0,113046.0,1085210.0,1047922.0,136064.0,173352.0
2016-11-29,1236807.0,283288.0,588424.0,276977.0,5389.0,12027.0,183042.0,248153.0,35837.0,191799.0,46732.0,119454.0,1102424.0,1056016.0,134383.0,180791.0
2016-11-22,1348656.0,320029.0,616366.0,267090.0,6743.0,28258.0,183579.0,229217.0,73632.0,185730.0,56757.0,144104.0,1202422.0,1155077.0,146234.0,193579.0
2016-11-15,1398285.0,353158.0,622202.0,263677.0,5418.0,39532.0,180160.0,254460.0,70749.0,193060.0,61462.0,148139.0,1248475.0,1201962.0,149810.0,196323.0
2016-11-08,1346960.0,301532.0,626733.0,261139.0,4159.0,25690.0,213728.0,227206.0,62277.0,189170.0,62257.0,144120.0,1197656.0,1152442.0,149304.0,194518.0
2016-11-01,1345452.0,311362.0,592585.0,259538.0,5517.0,23471.0,203173.0,255934.0,71197.0,188626.0,57895.0,142904.0,1200271.0,1149503.0,145181.0,195949.0
2016-10-25,1335614.0,308068.0,567664.0,249957.0,6369.0,23381.0,197044.0,257690.0,76632.0,180642.0,57984.0,152874.0,1188598.0,1142594.0,147016.0,193020.0
2016-10-18,1316500.0,310177.0,559424.0,246113.0,7446.0,22678.0,203639.0,255625.0,76006.0,169654.0,65135.0,139760.0,1168027.0,1126074.0,148473.0,190426.0
2016-10-11,1305996.0,315849.0,518062.0,245986.0,5447.0,24275.0,180101.0,302015.0,87824.0,173832.0,52554.0,131569.0,1159436.0,1121746.0,146560.0,184250.0
2016-10-04,1310849.0,322365.0,506085.0,247951.0,4829.0,25725.0,183176.0,336272.0,82283.0,179923.0,51931.0,118475.0,1159898.0,1125600.0,150951.0,185249.0
2016-09-27,1307114.0,344268.0,488574.0,237654.0,5364.0,25091.0,172321.0,350054.0,84353.0,187642.0,55979.0,109448.0,1160777.0,1118863.0,146337.0,188251.0
2016-09-20,1299946.0,336252.0,496214.0,234570.0,5470.0,24774.0,181231.0,337264.0,87646.0,176692.0,55685.0,114915.0,1156080.0,1121968.0,143866.0,177978.0
2016-09-13,1283735.0,338837.0,482443.0,229872.0,5460.0,28215.0,176001.0,327548.0,87807.0,172935.0,58059.0,111525.0,1145192.0,1101057.0,138543.0,182678.0
2016-09-06,1317098.0,357287.0,485830.0,226696.0,7187.0,25862.0,172067.0,358194.0,93697.0,185685.0,60788.0,110222.0,1171516.0,1141780.0,145582.0,175318.0
2016-08-30,1296621.0,344130.0,476301.0,224107.0,6569.0,24972.0,173135.0,347624.0,90998.0,188642.0,60425.0,109495.0,1155479.0,1116384.0,141142.0,180237.0
2016-08-23,1370132.0,360529.0,542191.0,231255.0,7627.0,32299.0,176286.0,334772.0,100025.0,215582.0,54897.0,109102.0,1225078.0,1180913.0,145054.0,189219.0
2016-08-16,1379265.0,370699.0,551716.0,232810.0,8315.0,33846.0,156649.0,321758.0,103625.0,214536.0,53353.0,116099.0,1228264.0,1188712.0,151001.0,190553.0
2016-08-09,1360945.0,372801.0,559909.0,233786.0,7509.0,29979.0,149953.0,291448.0,116160.0,201919.0,55012.0,106451.0,1211049.0,1166468.0,149896.0,194477.0
2016-08-02,1339998.0,355623.0,568920.0,234635.0,6887.0,30517.0,149213.0,255981.0,131534.0,198983.0,52999.0,97447.0,1197952.0,1144285.0,142046.0,195713.0
2016-07-26,1309528.0,335559.0,585568.0,241402.0,4963.0,35151.0,148490.0,216061.0,131082.0,193972.0,54341.0,85093.0,1170749.0,1112259.0,138779.0,197269.0
2016-07-19,1298151.0,320912.0,617359.0,236362.0,6448.0,37103.0,163260.0,193018.0,113139.0,225096.0,64714.0,73621.0,1169493.0,1105402.0,128658.0,192749.0
2016-07-12,1297529.0,332127.0,645498.0,244217.0,8756.0,34327.0,167882.0,173768.0,98467.0,217229.0,62578.0,75643.0,1169892.0,1099037.0,127637.0,198492.0
2016-07-05,1288110.0,299540.0,691980.0,260545.0,10350.0,36299.0,205394.0,119344.0,94309.0,193176.0,62189.0,77109.0,1166372.0,1091580.0,121738.0,196530.0
2016-06-28,1333078.0,284809.0,761693.0,275703.0,11763.0,37795.0,257819.0,89587.0,87726.0,182412.0,61529.0,84884.0,1211148.0,1134977.0,121930.0,198101.0
2016-06-21,1479366.0,312604.0,823820.0,294496.0,19918.0,37667.0,318494.0,102123.0,93812.0,191283.0,78769.0,106649.0,1355005.0,1262758.0,124361.0,216608.0
2016-06-14,1480701.0,286222.0,841064.0,295981.0,21204.0,33109.0,342545.0,74133.0,94932.0,183868.0,89755.0,112214.0,1348871.0,1266411.0,131830.0,214290.0
2016-06-07,1466703.0,301731.0,820334.0,291128.0,23451.0,31355.0,311063.0,87480.0,113039.0,187464.0,83532.0,96571.0,1332351.0,1255762.0,134352.0,210941.0
2016-05-31,1411252.0,319064.0,767676.0,286035.0,19135.0,28758.0,254843.0,112553.0,122220.0,184797.0,78239.0,84901.0,1280618.0,1213482.0,130634.0,197770.0
2016-05-24,1412921.0,362588.0,755025.0,282652.0,18715.0,31821.0,221302.0,146846.0,105501.0,182193.0,73481.0,95752.0,1281809.0,1227141.0,131112.0,185780.0
2016-05-17,1353223.0,339118.0,699038.0,284319.0,18079.0,31177.0,206198.0,152121.0,99071.0,175863.0,84568.0,89783.0,1225529.0,1173837.0,127694.0,179386.0
2016-05-10,1323691.0,329449.0,671578.0,280179.0,15985.0,31501.0,197588.0,162034.0,100327.0,174927.0,82479.0,84467.0,1198438.0,1148371.0,125253.0,175320.0
2016-05-03,1363422.0,332430.0,702084.0,279263.0,18745.0,30995.0,219444.0,156146.0,112313.0,175931.0,74915.0,87685.0,1238061.0,1182883.0,125361.0,180539.0
2016-04-26,1402906.0,347213.0,715787.0,272953.0,17642.0,37721.0,225198.0,150545.0,122376.0,166615.0,72954.0,97257.0,1269333.0,1214282.0,133573.0,188624.0
2016-04-19,1439932.0,368899.0,658904.0,285781.0,18642.0,42933.0,182223.0,211495.0,114359.0,170978.0,76743.0,130054.0,1295227.0,1253130.0,144705.0,186802.0
2016-04-12,1464480.0,401912.0,578852.0,276337.0,16788.0,43106.0,155268.0,301652.0,118071.0,188845.0,97915.0,124813.0,1308352.0,1281197.0,156128.0,183283.0
2016-04-05,1439814.0,389567.0,540527.0,277523.0,13606.0,46459.0,147984.0,323588.0,104230.0,190443.0,100381.0,126018.0,1282224.0,1254809.0,157590.0,185005.0
2016-03-29,1328820.0,330484.0,543727.0,263854.0,22918.0,42287.0,162451.0,278953.0,87854.0,192808.0,78024.0,103115.0,1182853.0,1156878.0,145967.0,171942.0
2016-03-22,1338870.0,331787.0,510262.0,263632.0,22216.0,38581.0,159254.0,322913.0,92146.0,199496.0,79137.0,106618.0,1191514.0,1171873.0,147356.0,166997.0
2016-03-15,1349275.0,340444.0,489115.0,262860.0,22481.0,38965.0,151873.0,350131.0,84563.0,207472.0,83447.0,112983.0,1199160.0,1181685.0,150115.0,167590.0
2016-03-08,1356292.0,344554.0,469165.0,266955.0,23491.0,32636.0,140042.0,376243.0,85515.0,226362.0,90337.0,109415.0,1205479.0,1186802.0,150813.0,169490.0
2016-03-01,1325794.0,331605.0,470012.0,268854.0,22187.0,32482.0,143881.0,350133.0,80071.0,219648.0,90221.0,108433.0,1184974.0,1153539.0,140820.0,172255.0
2016-02-23,1355719.0,335069.0,517144.0,269366.0,19975.0,37749.0,157677.0,295677.0,89280.0,195150.0,81950.0,123767.0,1208058.0,1165542.0,147661.0,190177.0
2016-02-16,1407062.0,339606.0,523457.0,285449.0,20843.0,47592.0,159045.0,296608.0,104302.0,188055.0,91436.0,136587.0,1260636.0,1220825.0,146426.0,186237.0
2016-02-09,1403163.0,342024.0,542876.0,282873.0,20284.0,41062.0,164075.0,266544.0,110908.0,179113.0,91643.0,127989.0,1248044.0,1201306.0,155119.0,201857.0
2016-02-02,1368832.0,326386.0,574728.0,284805.0,20026.0,36515.0,172484.0,236272.0,112138.0,174349.0,84831.0,119375.0,1226052.0,1183885.0,142780.0,184947.0
2016-01-26,1356442.0,335370.0,549733.0,276358.0,20857.0,32433.0,151653.0,243582.0,135094.0,175829.0,83222.0,112739.0,1219476.0,1177660.0,136966.0,178782.0
2016-01-19,1390878.0,346044.0,513062.0,275031.0,18638.0,34658.0,150112.0,313265.0,137200.0,190200.0,84852.0,111845.0,1245090.0,1213520.0,145788.0,177358.0
2016-01-12,1388762.0,343889.0,506196.0,282576.0,12882.0,26810.0,151082.0,346420.0,114778.0,197608.0,85579.0,121569.0,1238312.0,1214234.0,150450.0,174528.0
2016-01-05,1356517.0,331402.0,525198.0,295876.0,9607.0,28739.0,154029.0,322779.0,102977.0,191924.0,84936.0,102426.0,1207373.0,1176662.0,149144.0,179855.0
2015-12-29,1317814.0,316165.0,536941.0,305233.0,9808.0,25252.0,152874.0,293566.0,102560.0,178253.0,77135.0,98131.0,1178468.0,1143393.0,139346.0,174421.0
2015-12-22,1284149.0,299581.0,570819.0,306912.0,10037.0,24966.0,155008.0,239826.0,101337.0,168461.0,72306.0,94832.0,1151097.0,1114123.0,133052.0,170026.0
2015-12-15,1263718.0,278288.0,580223.0,307350.0,12313.0,23557.0,166383.0,209325.0,99127.0,161033.0,71044.0,99046.0,1134784.0,1094635.0,128934.0,169083.0
2015-12-08,1280685.0,286439.0,570122.0,308598.0,9587.0,24009.0,171388.0,240429.0,96886.0,162398.0,72136.0,98376.0,1148094.0,1111545.0,132591.0,169140.0
2015-12-01,1300942.0,293951.0,556581.0,311508.0,11479.0,25367.0,172967.0,256715.0,95035.0,163883.0,79164.0,104335.0,1167046.0,1128676.0,133896.0,172266.0
2015-11-24,1309794.0,337216.0,533786.0,267296.0,10797.0,26381.0,160550.0,268444.0,104189.0,162320.0,74473.0,105093.0,1163045.0,1123163.0,146749.0,186631.0
2015-11-17,1404100.0,358592.0,594639.0,276531.0,10672.0,29389.0,171741.0,251600.0,109450.0,190267.0,91758.0,123218.0,1259188.0,1210726.0,144912.0,193374.0
2015-11-10,1398265.0,348885.0,602345.0,271985.0,10624.0,33078.0,186651.0,239815.0,112894.0,187666.0,89459.0,110175.0,1251334.0,1198390.0,146931.0,199875.0
2015-11-03,1350499.0,314822.0,627203.0,279755.0,9870.0,46308.0,208230.0,188370.0,99432.0,168882.0,87674.0,99011.0,1216440.0,1157868.0,134059.0,192631.0
2015-10-27,1320509.0,304531.0,613967.0,276961.0,10040.0,50216.0,217586.0,188571.0,89405.0,161268.0,86029.0,88473.0,1188440.0,1126701.0,132069.0,193808.0
2015-10-20,1320517.0,307317.0,606834.0,272368.0,8072.0,51225.0,217794.0,187765.0,83035.0,164355.0,94200.0,97128.0,1193222.0,1128259.0,127295.0,192258.0
2015-10-13,1290684.0,291911.0,630362.0,265844.0,8239.0,54375.0,236726.0,145019.0,79130.0,156477.0,101704.0,81422.0,1165885.0,1100251.0,124799.0,190433.0
2015-10-06,1307966.0,294385.0,654034.0,256865.0,9371.0,65002.0,259056.0,141578.0,68567.0,159434.0,99575.0,80020.0,1183329.0,1118147.0,124637.0,189819.0
2015-09-29,1295732.0,289165.0,606519.0,259683.0,9370.0,57822.0,239468.0,176017.0,77210.0,169311.0,99146.0,81979.0,1174638.0,1108063.0,121094.0,187669.0
2015-09-22,1269119.0,280455.0,582711.0,252828.0,9663.0,57363.0,242975.0,171682.0,73901.0,156511.0,98133.0,87793.0,1151826.0,1081246.0,117293.0,187873.0
2015-09-15,1248454.0,274689.0,579945.0,259377.0,11130.0,51472.0,240788.0,168937.0,67961.0,159236.0,101123.0,76340.0,1129863.0,1056908.0,118591.0,191546.0
2015-09-08,1225245.0,284487.0,550611.0,254505.0,10041.0,46461.0,235813.0,183614.0,66901.0,156684.0,103676.0,70608.0,1115459.0,1031912.0,109786.0,193333.0
2015-09-01,1212362.0,265603.0,567734.0,253462.0,10279.0,48066.0,234577.0,152274.0,65303.0,161115.0,95201.0,79275.0,1107401.0,1018132.0,104961.0,194230.0
2015-08-25,1296742.0,318104.0,617265.0,254075.0,10126.0,49108.0,238859.0,159261.0,71931.0,160155.0,88293.0,90368.0,1182600.0,1086352.0,114142.0,210390.0
2015-08-18,1376536.0,317801.0,642458.0,260080.0,8065.0,56736.0,262880.0,192025.0,74542.0,173060.0,83204.0,114775.0,1259874.0,1171805.0,116662.0,204731.0
2015-08-11,1390718.0,298108.0,655052.0,256910.0,8699.0,62260.0,260775.0,168622.0,97592.0,175051.0,69944.0,121962.0,1272658.0,1184131.0,118060.0,206587.0
2015-08-04,1368036.0,284953.0,665322.0,251446.0,8458.0,65681.0,269629.0,119442.0,107773.0,165709.0,74264.0,109288.0,1254479.0,1150228.0,113557.0,217808.0
2015-07-28,1350791.0,266256.0,699207.0,249692.0,12805.0,63767.0,288561.0,58187.0,116518.0,155760.0,80453.0,93194.0,1233748.0,1124131.0,117043.0,226660.0
2015-07-21,1386008.0,261130.0,712342.0,261341.0,17718.0,59251.0,309980.0,62189.0,120040.0,174436.0,98733.0,84614.0,1270792.0,1154887.0,115216.0,231121.0
2015-07-14,1349047.0,267329.0,666288.0,264616.0,17883.0,56425.0,266168.0,90873.0,106762.0,179623.0,96688.0,91335.0,1232258.0,1126254.0,116789.0,222793.0
2015-07-07,1323094.0,252653.0,599157.0,270348.0,16826.0,64837.0,270061.0,121169.0,105078.0,162304.0,102496.0,86421.0,1211702.0,1095984.0,111392.0,227110.0
2015-06-30,1308355.0,268038.0,535918.0,272238.0,18773.0,57768.0,256745.0,216415.0,99033.0,152459.0,82220.0,86236.0,1192517.0,1096363.0,115838.0,211992.0
2015-06-23,1427005.0,328206.0,473804.0,269658.0,8611.0,77504.0,212334.0,335302.0,107471.0,172161.0,95506.0,125724.0,1293058.0,1223922.0,133947.0,203083.0
2015-06-16,1456360.0,343242.0,451806.0,259323.0,8857.0,81408.0,219318.0,370585.0,115040.0,188850.0,102961.0,116181.0,1323362.0,1246838.0,132998.0,209522.0
2015-06-09,1459091.0,331407.0,466944.0,262189.0,14863.0,84286.0,226214.0,338468.0,111215.0,187459.0,100445.0,125974.0,1328744.0,1242195.0,130347.0,216896.0
2015-06-02,1454337.0,342691.0,450926.0,261864.0,14997.0,84128.0,223453.0,381446.0,104088.0,198869.0,104823.0,107251.0,1322344.0,1247659.0,131993.0,206678.0
2015-05-26,1434318.0,340399.0,444660.0,258798.0,15868.0,77886.0,220551.0,378957.0,93586.0,204404.0,100447.0,111621.0,1307245.0,1223025.0,127073.0,211293.0
2015-05-19,1399666.0,332402.0,439276.0,255253.0,14786.0,76771.0,213084.0,368463.0,98618.0,195848.0,93507.0,105326.0,1277302.0,1196747.0,122364.0,202919.0
2015-05-12,1340706.0,314244.0,432176.0,246506.0,15191.0,70421.0,200466.0,336426.0,94343.0,197815.0,93007.0,94503.0,1218298.0,1136067.0,122408.0,204639.0
2015-05-05,1325963.0,314222.0,416244.0,238800.0,16445.0,68002.0,185576.0,321767.0,103849.0,195492.0,89733.0,100920.0,1206861.0,1116960.0,119102.0,209003.0
2015-04-28,1319827.0,295970.0,418860.0,236220.0,18955.0,66354.0,170718.0,282710.0,113784.0,197430.0,85063.0,117845.0,1198321.0,1103571.0,121506.0,216256.0
2015-04-21,1369994.0,338715.0,484224.0,240899.0,26674.0,66263.0,157185.0,236922.0,122941.0,199563.0,92513.0,125026.0,1250592.0,1154563.0,119402.0,215431.0
2015-04-14,1407876.0,346537.0,512262.0,241288.0,27809.0,65666.0,168163.0,231301.0,140792.0,195227.0,86064.0,127028.0,1284701.0,1190922.0,123175.0,216954.0
2015-04-07,1358349.0,316927.0,520624.0,245803.0,28878.0,72287.0,178587.0,183058.0,127207.0,169953.0,75587.0,136268.0,1247032.0,1143909.0,111317.0,214440.0
2015-03-31,1349885.0,315661.0,534360.0,246746.0,30117.0,75430.0,183238.0,189200.0,121776.0,182906.0,72570.0,113392.0,1239149.0,1136845.0,110736.0,213040.0
2015-03-24,1333440.0,304367.0,523643.0,250075.0,26169.0,64721.0,193574.0,214501.0,113447.0,189710.0,72397.0,105323.0,1221217.0,1120201.0,112223.0,213239.0
2015-03-17,1330967.0,323245.0,492007.0,241778.0,26909.0,64569.0,186082.0,249140.0,98660.0,200405.0,74467.0,106034.0,1220773.0,1111786.0,110194.0,219181.0
2015-03-10,1245440.0,280990.0,517009.0,247759.0,25148.0,60727.0,198001.0,183135.0,87945.0,178791.0,64680.0,87723.0,1141936.0,1026367.0,103504.0,219073.0
2015-03-03,1249063.0,266881.0,529375.0,256502.0,25269.0,55677.0,202746.0,168345.0,92518.0,176737.0,63388.0,93544.0,1144605.0,1028116.0,104458.0,220947.0
2015-02-24,1294525.0,289376.0,558025.0,255758.0,29893.0,54483.0,217942.0,155056.0,100969.0,163372.0,62447.0,99534.0,1181434.0,1060407.0,113091.0,234118.0
2015-02-17,1362156.0,344450.0,587802.0,255232.0,33309.0,67307.0,221154.0,141171.0,108905.0,143864.0,73768.0,109406.0,1250318.0,1121668.0,111838.0,240488.0
2015-02-10,1358550.0,343199.0,595982.0,252490.0,32694.0,61483.0,226517.0,136248.0,107346.0,150319.0,74516.0,105343.0,1246697.0,1113612.0,111853.0,244938.0
2015-02-03,1350370.0,325217.0,585205.0,252442.0,30983.0,62284.0,247007.0,150657.0,106024.0,149077.0,69595.0,100292.0,1242343.0,1105040.0,108027.0,245330.0
2015-01-27,1304935.0,310369.0,595069.0,246800.0,28800.0,57643.0,256503.0,104088.0,98307.0,137951.0,74310.0,96831.0,1204404.0,1055048.0,100531.0,249887.0
2015-01-20,1301166.0,307607.0,616591.0,250656.0,28141.0,53729.0,278775.0,93627.0,90248.0,137590.0,92659.0,83361.0,1201966.0,1058356.0,99200.0,242810.0
2015-01-13,1274564.0,291491.0,621996.0,253931.0,26131.0,47663.0,285056.0,90374.0,85240.0,135272.0,86191.0,76353.0,1175006.0,1033948.0,99558.0,240616.0
2015-01-06,1257693.0,267056.0,646591.0,267364.0,23932.0,38660.0,298017.0,77016.0,84565.0,130201.0,80752.0,68858.0,1154721.0,1020374.0,102972.0,237319.0
2014-12-30,1229915.0,240841.0,665642.0,279598.0,16880.0,29107.0,297460.0,66162.0,80521.0,128856.0,73398.0,64323.0,1120706.0,996033.0,109209.0,233882.0
2014-12-23,1227423.0,231868.0,647276.0,283563.0,17611.0,27909.0,296125.0,62400.0,82237.0,133210.0,95754.0,62394.0,1117306.0,995581.0,110117.0,231842.0
2014-12-16,1224374.0,228265.0,637740.0,283948.0,17795.0,27646.0,297287.0,75469.0,71436.0,135281.0,88776.0,71318.0,1115181.0,990180.0,109193.0,234194.0
2014-12-09,1209237.0,216405.0,617117.0,281399.0,16829.0,30132.0,303348.0,86547.0,58909.0,134138.0,85327.0,73123.0,1097454.0,967984.0,111783.0,241253.0
2014-12-02,1192166.0,218042.0,578974.0,279401.0,16318.0,29155.0,292983.0,106372.0,61669.0,131843.0,78315.0,77335.0,1090428.0,948138.0,101738.0,244028.0
2014-11-25,1217636.0,222012.0,595091.0,278792.0,14959.0,29620.0,298425.0,103571.0,59596.0,130388.0,80143.0,80696.0,1099529.0,963676.0,118107.0,253960.0
2014-11-18,1335969.0,255337.0,611281.0,285924.0,15502.0,34234.0,302021.0,116477.0,73263.0,158587.0,121603.0,105997.0,1215363.0,1078357.0,120606.0,257612.0
2014-11-11,1328322.0,249912.0,586533.0,285952.0,16194.0,23944.0,302063.0,116803.0,88043.0,149821.0,124689.0,106929.0,1206664.0,1063135.0,121658.0,265187.0
2014-11-04,1304861.0,259326.0,572120.0,288187.0,16130.0,24774.0,299816.0,139646.0,78431.0,150220.0,122763.0,92155.0,1192909.0,1046019.0,111952.0,258842.0
2014-10-28,1271020.0,241763.0,538111.0,288964.0,11353.0,23393.0,300773.0,161709.0,73284.0,133121.0,116845.0,93551.0,1154849.0,1018246.0,116171.0,252774.0
2014-10-21,1295544.0,247063.0,516241.0,285095.0,9680.0,23960.0,314273.0,194698.0,83668.0,123768.0,117023.0,96451.0,1174278.0,1041721.0,121266.0,253823.0
2014-10-14,1298144.0,238465.0,499812.0,296530.0,7869.0,17373.0,317155.0,232990.0,87340.0,128126.0,108524.0,92422.0,1177411.0,1046330.0,120733.0,251814.0
2014-10-07,1297802.0,239847.0,494078.0,294561.0,7232.0,13500.0,321808.0,263534.0,90589.0,135570.0,107331.0,76152.0,1172027.0,1052416.0,125775.0,245386.0
2014-09-30,1285167.0,226512.0,469372.0,289821.0,9161.0,14555.0,322421.0,252177.0,89120.0,146478.0,119828.0,76900.0,1165807.0,1031113.0,119360.0,254054.0
2014-09-23,1277325.0,234256.0,467105.0,289059.0,8952.0,16356.0,325260.0,242388.0,86614.0,138379.0,135539.0,71527.0,1161451.0,1028481.0,115874.0,248844.0
2014-09-16,1255744.0,231913.0,458554.0,285382.0,8457.0,17600.0,332415.0,244808.0,79528.0,133262.0,139118.0,61085.0,1141185.0,1009150.0,114559.0,246594.0
2014-09-09,1229772.0,233050.0,446900.0,286099.0,7843.0,16644.0,327061.0,247109.0,72047.0,125359.0,135055.0,57272.0,1117532.0,982870.0,112240.0,246902.0
2014-09-02,1218838.0,226678.0,453439.0,287928.0,6655.0,16548.0,333336.0,248509.0,70072.0,125209.0,131309.0,47835.0,1107606.0,974367.0,111232.0,244471.0
2014-08-26,1254162.0,248500.0,468287.0,285430.0,8011.0,16017.0,327236.0,252302.0,71970.0,124453.0,132078.0,52054.0,1125660.0,1000719.0,128502.0,253443.0
2014-08-19,1321013.0,262122.0,501308.0,291185.0,6671.0,31398.0,329662.0,247871.0,82834.0,134096.0,136930.0,64542.0,1195839.0,1071554.0,125174.0,249459.0
2014-08-12,1351181.0,286298.0,516487.0,283819.0,6731.0,30810.0,330356.0,246302.0,91652.0,134453.0,147877.0,66759.0,1224147.0,1106618.0,127034.0,244563.0
2014-08-05,1378305.0,304815.0,531760.0,279653.0,5782.0,22256.0,326261.0,231743.0,119672.0,132150.0,149563.0,66005.0,1250812.0,1126781.0,127493.0,251524.0
2014-07-29,1383027.0,320433.0,537506.0,279889.0,5082.0,25227.0,308781.0,221150.0,123914.0,127956.0,149807.0,68249.0,1254449.0,1130935.0,128578.0,252092.0
2014-07-22,1341446.0,311414.0,537521.0,275281.0,6922.0,26513.0,303936.0,202418.0,115366.0,124590.0,139724.0,61150.0,1218250.0,1089614.0,123196.0,251832.0
2014-07-15,1328646.0,304404.0,542922.0,272931.0,6311.0,26380.0,308004.0,181986.0,116327.0,117454.0,139750.0,64621.0,1210121.0,1078297.0,118525.0,250349.0
2014-07-08,1306608.0,305323.0,559275.0,269209.0,5045.0,25493.0,315595.0,182418.0,112752.0,112344.0,121829.0,53530.0,1194246.0,1060342.0,112362.0,246266.0
2014-07-01,1281647.0,292655.0,549195.0,265890.0,6833.0,26887.0,300090.0,180806.0,113017.0,113682.0,112485.0,52949.0,1165170.0,1042172.0,116477.0,239475.0
2014-06-24,1362700.0,315371.0,584805.0,270789.0,5214.0,33103.0,308202.0,183398.0,135575.0,114033.0,101220.0,65278.0,1242351.0,1108593.0,120349.0,254107.0
2014-06-17,1406180.0,317995.0,619853.0,274255.0,5919.0,33749.0,306377.0,158628.0,157460.0,121429.0,94276.0,79043.0,1290308.0,1148928.0,115872.0,257252.0
2014-06-10,1397425.0,320808.0,635709.0,275353.0,5645.0,29992.0,302201.0,145912.0,157779.0,118135.0,89670.0,75466.0,1279734.0,1140173.0,117691.0,257252.0
2014-06-03,1357565.0,303617.0,643978.0,270045.0,4829.0,31937.0,301061.0,118392.0,152512.0,121920.0,86698.0,63790.0,1244882.0,1102136.0,112683.0,255429.0
2014-05-27,1332710.0,302737.0,651814.0,275193.0,6227.0,31790.0,288491.0,100889.0,137049.0,120022.0,86316.0,65909.0,1221191.0,1079994.0,111519.0,252716.0
2014-05-20,1322910.0,292574.0,675833.0,270745.0,6862.0,30544.0,292047.0,77543.0,137680.0,116761.0,76270.0,69524.0,1209875.0,1074256.0,113035.0,248654.0
2014-05-13,1342203.0,282849.0,719993.0,265948.0,6517.0,31747.0,323487.0,60821.0,137002.0,129556.0,79941.0,58079.0,1228668.0,1094100.0,113535.0,248103.0
2014-05-06,1349953.0,271171.0,722071.0,267666.0,6558.0,36069.0,328726.0,51625.0,144017.0,122422.0,74253.0,66431.0,1236502.0,1101024.0,113451.0,248929.0
2014-04-29,1364293.0,274376.0,726834.0,268132.0,6112.0,39424.0,326773.0,51925.0,142986.0,123512.0,76011.0,68653.0,1243856.0,1111945.0,120437.0,252348.0
2014-04-22,1392699.0,294809.0,710529.0,264390.0,5775.0,39956.0,303305.0,49786.0,152047.0,124689.0,88061.0,86061.0,1265257.0,1132215.0,127442.0,260484.0
2014-04-15,1412403.0,306351.0,741577.0,262398.0,7698.0,41231.0,312735.0,54391.0,147013.0,129786.0,80312.0,80185.0,1279699.0,1152407.0,132704.0,259996.0
2014-04-08,1397218.0,298758.0,745965.0,262907.0,9353.0,36658.0,319146.0,42581.0,136440.0,127383.0,85686.0,78477.0,1259769.0,1135160.0,137449.0,262058.0
2014-04-01,1362869.0,291124.0,741848.0,270371.0,5958.0,33963.0,322893.0,39850.0,132741.0,112084.0,86464.0,66504.0,1229680.0,1107328.0,133189.0,255541.0
2014-03-25,1330028.0,287569.0,678586.0,267761.0,7467.0,30401.0,309230.0,64197.0,138298.0,111600.0,98006.0,55779.0,1200638.0,1072734.0,129390.0,257294.0
2014-03-18,1328078.0,298021.0,676970.0,269568.0,7863.0,30713.0,297550.0,67405.0,130251.0,119210.0,107004.0,55906.0,1201219.0,1076112.0,126859.0,251966.0
2014-03-11,1314774.0,289528.0,665990.0,268638.0,6975.0,31135.0,291857.0,77180.0,123933.0,130240.0,110013.0,52984.0,1188315.0,1068210.0,126459.0,246564.0
2014-03-04,1300945.0,280620.0,638227.0,279206.0,4162.0,20117.0,271590.0,95640.0,141778.0,129033.0,106403.0,54021.0,1176365.0,1060348.0,124580.0,240597.0
2014-02-25,1343281.0,320154.0,601396.0,277971.0,3942.0,21936.0,252223.0,149843.0,152271.0,127155.0,103365.0,56154.0,1207864.0,1088907.0,135417.0,254374.0
2014-02-18,1385213.0,354629.0,578842.0,289115.0,6317.0,27684.0,232759.0,174936.0,153336.0,119429.0,123748.0,70019.0,1246971.0,1134882.0,138242.0,250331.0
2014-02-11,1346960.0,338689.0,534370.0,285799.0,6995.0,25124.0,230503.0,177326.0,143996.0,116711.0,134477.0,70672.0,1211494.0,1092960.0,135466.0,254000.0
2014-02-04,1319044.0,334616.0,509890.0,299281.0,7275.0,12144.0,224037.0,212808.0,143139.0,116834.0,129356.0,52033.0,1182084.0,1066645.0,136960.0,252399.0
2014-01-28,1315853.0,352998.0,480255.0,300319.0,5458.0,11526.0,203445.0,243946.0,134738.0,120955.0,136036.0,55380.0,1179361.0,1067339.0,136492.0,248514.0
2014-01-21,1310544.0,341029.0,459768.0,301855.0,6058.0,11200.0,207890.0,254278.0,131332.0,120092.0,138895.0,64225.0,1177623.0,1065756.0,132921.0,244788.0
2014-01-14,1280203.0,330589.0,453357.0,304033.0,5743.0,10078.0,215301.0,264240.0,113821.0,117071.0,134346.0,57710.0,1148603.0,1039295.0,131600.0,240908.0
2014-01-07,1223592.0,328827.0,390693.0,258391.0,1802.0,9628.0,205450.0,291683.0,114138.0,107390.0,115122.0,67878.0,1091702.0,990944.0,131890.0,232648.0
2013-12-31,1202945.0,328643.0,391081.0,257292.0,1820.0,9308.0,204078.0,294921.0,99106.0,104767.0,106799.0,72066.0,1075260.0,975101.0,127685.0,227844.0
2013-12-24,1178132.0,305012.0,388121.0,259659.0,1590.0,9097.0,205430.0,290036.0,95707.0,107285.0,99722.0,67406.0,1049596.0,951679.0,128536.0,226453.0
2013-12-17,1194658.0,308712.0,393229.0,259439.0,1197.0,10543.0,207533.0,301588.0,99714.0,108592.0,99298.0,66876.0,1061409.0,972445.0,133249.0,222213.0
2013-12-10,1199525.0,312470.0,405789.0,263975.0,1685.0,10247.0,207944.0,290535.0,100555.0,106203.0,104171.0,64752.0,1066146.0,977734.0,133379.0,221791.0
2013-12-03,1199036.0,312204.0,387597.0,266966.0,2071.0,8021.0,205518.0,308263.0,97053.0,109432.0,106109.0,65206.0,1064400.0,974320.0,134636.0,224716.0
2013-11-26,1232930.0,335189.0,400956.0,271720.0,2964.0,9733.0,200811.0,320707.0,98497.0,109701.0,99872.0,61779.0,1087430.0,994508.0,145500.0,238422.0
2013-11-19,1386379.0,357538.0,459941.0,270506.0,9993.0,25474.0,253850.0,303088.0,109599.0,132408.0,153669.0,84629.0,1234004.0,1146393.0,152375.0,239986.0
2013-11-12,1371072.0,344956.0,452176.0,278269.0,11412.0,19258.0,243323.0,301180.0,101692.0,140075.0,153352.0,86100.0,1213673.0,1125170.0,157399.0,245902.0
2013-11-05,1332836.0,353856.0,406199.0,275493.0,10872.0,15821.0,240720.0,324992.0,96018.0,129586.0,163652.0,71295.0,1182789.0,1088849.0,150047.0,243987.0
2013-10-29,1321037.0,348668.0,386568.0,277585.0,13124.0,10977.0,236636.0,324063.0,91409.0,121326.0,169153.0,82514.0,1169115.0,1077808.0,151922.0,243229.0
2013-10-22,1284218.0,331583.0,373084.0,277017.0,12608.0,8012.0,236240.0,310457.0,82635.0,118372.0,169950.0,83221.0,1137080.0,1039967.0,147138.0,244251.0
2013-10-15,1237489.0,316797.0,361686.0,273522.0,11868.0,8757.0,231276.0,300085.0,77398.0,113071.0,173322.0,68230.0,1089051.0,1001346.0,148438.0,236143.0
2013-10-08,1215467.0,307679.0,353364.0,270838.0,11916.0,8936.0,223352.0,299269.0,82202.0,113228.0,161412.0,65818.0,1072053.0,982917.0,143414.0,232550.0
2013-10-01,1182752.0,297581.0,354392.0,273367.0,10034.0,7167.0,229443.0,291015.0,74902.0,111489.0,165137.0,52863.0,1046812.0,955510.0,135940.0,227242.0
2013-09-24,1147298.0,286562.0,359398.0,272643.0,8648.0,5671.0,228033.0,275485.0,70666.0,107907.0,162731.0,44043.0,1015525.0,926642.0,131773.0,220656.0
2013-09-17,1124419.0,262823.0,366593.0,272106.0,10276.0,5433.0,237145.0,253366.0,69852.0,107591.0,166176.0,40189.0,995139.0,911885.0,129280.0,212534.0
2013-09-10,1084845.0,243351.0,380392.0,273938.0,11186.0,5776.0,219259.0,210813.0,67732.0,105365.0,157531.0,39536.0,954957.0,872966.0,129888.0,211879.0
2013-09-03,1071732.0,244911.0,390002.0,272164.0,11970.0,6294.0,212598.0,231287.0,65052.0,104792.0,124371.0,35132.0,940943.0,864108.0,130789.0,207624.0
2013-08-27,1090214.0,257551.0,410242.0,273306.0,11617.0,6802.0,208079.0,225330.0,69483.0,102863.0,117385.0,34132.0,952216.0,874991.0,137998.0,215223.0
2013-08-20,1199310.0,282019.0,436014.0,285995.0,12165.0,6105.0,225281.0,259893.0,88374.0,121267.0,128581.0,44204.0,1053245.0,975336.0,146065.0,223974.0
2013-08-13,1206286.0,288462.0,401457.0,267314.0,12699.0,7010.0,230174.0,277729.0,87506.0,123729.0,135056.0,51616.0,1055811.0,973073.0,150475.0,233213.0
2013-08-06,1177978.0,283439.0,385458.0,263554.0,11663.0,6330.0,232843.0,271650.0,87336.0,117178.0,135269.0,48659.0,1039339.0,946365.0,138639.0,231613.0
2013-07-30,1169039.0,287979.0,401440.0,267379.0,12279.0,6808.0,216949.0,261918.0,91576.0,111516.0,124972.0,47165.0,1029372.0,946158.0,139667.0,222881.0
2013-07-23,1168749.0,279203.0,413404.0,265179.0,13685.0,10354.0,225135.0,248304.0,91151.0,110287.0,117028.0,48539.0,1029848.0,942465.0,138901.0,226284.0
2013-07-16,1114755.0,257895.0,416329.0,262438.0,12502.0,9117.0,220339.0,206594.0,84195.0,103707.0,114065.0,45695.0,983386.0,888497.0,131369.0,226258.0
2013-07-09,1119889.0,250337.0,414391.0,264820.0,11855.0,8872.0,211307.0,217120.0,91707.0,113227.0,110860.0,43204.0,983474.0,898009.0,136415.0,221880.0
2013-07-02,1109480.0,250003.0,435394.0,261670.0,12631.0,8537.0,220147.0,187892.0,90785.0,103581.0,103562.0,44994.0,979717.0,883795.0,129763.0,225685.0
2013-06-25,1155457.0,225709.0,508184.0,272998.0,15217.0,7824.0,260958.0,156177.0,100342.0,97977.0,94240.0,45734.0,1011542.0,927718.0,143915.0,227739.0
2013-06-18,1239198.0,238951.0,521369.0,279410.0,21202.0,17204.0,256662.0,150380.0,131430.0,102338.0,93033.0,66666.0,1092661.0,1001284.0,146537.0,237914.0
2013-06-11,1217400.0,240716.0,531700.0,271613.0,18884.0,15993.0,255384.0,143386.0,119321.0,111296.0,90594.0,57065.0,1071388.0,976943.0,146012.0,240457.0
2013-06-04,1179731.0,230923.0,524729.0,271226.0,18485.0,13948.0,260553.0,143347.0,103409.0,107719.0,89103.0,50786.0,1038564.0,943807.0,141167.0,235924.0
2013-05-28,1181497.0,221364.0,524101.0,265648.0,17448.0,13008.0,266711.0,136759.0,112488.0,110163.0,87616.0,52099.0,1041481.0,943519.0,140016.0,237978.0
2013-05-21,1176120.0,227211.0,505951.0,268009.0,16972.0,12720.0,243644.0,151962.0,111395.0,115899.0,84471.0,58817.0,1037695.0,942288.0,138425.0,233832.0
2013-05-14,1144874.0,219206.0,519471.0,271121.0,16005.0,13206.0,238309.0,127224.0,106065.0,113211.0,82023.0,51043.0,1012161.0,915037.0,132713.0,229837.0
2013-05-07,1143527.0,218436.0,527826.0,273464.0,13660.0,20125.0,223096.0,126548.0,106879.0,113725.0,77847.0,50973.0,1006698.0,923858.0,136829.0,219669.0
2013-04-30,1156343.0,223853.0,541442.0,280747.0,13911.0,16631.0,220583.0,134861.0,109094.0,114905.0,74316.0,51324.0,1017137.0,941579.0,139206.0,214764.0
2013-04-23,1250211.0,262058.0,558119.0,271486.0,13073.0,29481.0,214107.0,139076.0,132487.0,118992.0,76063.0,75896.0,1104507.0,1024195.0,145704.0,226016.0
2013-04-16,1280221.0,259449.0,578657.0,276903.0,11714.0,30311.0,232465.0,125372.0,153710.0,113611.0,76123.0,71209.0,1137658.0,1047096.0,142563.0,233125.0
2013-04-09,1297225.0,273494.0,601046.0,277722.0,10301.0,27759.0,232193.0,123571.0,160595.0,113671.0,73608.0,66783.0,1152217.0,1063663.0,145008.0,233562.0
2013-04-02,1315116.0,267394.0,647825.0,272395.0,13710.0,28616.0,259644.0,106659.0,156137.0,124043.0,76732.0,60732.0,1168961.0,1090411.0,146155.0,224705.0
2013-03-26,1330486.0,241622.0,692122.0,275050.0,12988.0,36224.0,316838.0,87635.0,148846.0,124016.0,79721.0,47339.0,1189935.0,1104875.0,140551.0,225611.0
2013-03-19,1290733.0,236488.0,648156.0,274138.0,14186.0,33266.0,275580.0,98703.0,153777.0,120799.0,67435.0,55829.0,1149877.0,1071352.0,140856.0,219381.0
2013-03-12,1224316.0,220066.0,575931.0,271882.0,14535.0,31369.0,237951.0,115496.0,149387.0,116933.0,61756.0,56135.0,1083723.0,1004609.0,140593.0,219707.0
2013-03-05,1204304.0,222356.0,559460.0,269530.0,15139.0,24122.0,233304.0,134969.0,140891.0,117572.0,56133.0,59990.0,1067765.0,990704.0,136539.0,213600.0
2013-02-26,1242545.0,266830.0,582239.0,268562.0,16622.0,24131.0,225476.0,140168.0,129502.0,109158.0,55833.0,66713.0,1090372.0,1015208.0,152173.0,227337.0
2013-02-19,1313307.0,301635.0,620016.0,270117.0,45792.0,21976.0,236380.0,126288.0,129779.0,127326.0,57904.0,78189.0,1165402.0,1079944.0,147905.0,233363.0
2013-02-12,1291268.0,282197.0,639818.0,272910.0,47342.0,22488.0,261459.0,89350.0,120194.0,109647.0,64520.0,76224.0,1145119.0,1059936.0,146149.0,231332.0
2013-02-05,1282117.0,249696.0,648722.0,269956.0,45254.0,19961.0,292752.0,78620.0,128083.0,102515.0,61955.0,69686.0,1132649.0,1052281.0,149468.0,229836.0
2013-01-29,1223428.0,234641.0,619089.0,263110.0,45855.0,18698.0,271389.0,74985.0,117859.0,104461.0,57270.0,63227.0,1073385.0,996983.0,150043.0,226445.0
2013-01-22,1194796.0,230365.0,610569.0,265881.0,47736.0,16092.0,255451.0,77400.0,114192.0,105576.0,51430.0,61515.0,1049072.0,978934.0,145724.0,215862.0
2013-01-15,1192286.0,233462.0,607941.0,264294.0,48793.0,16122.0,253082.0,89588.0,106855.0,113673.0,48504.0,58862.0,1046350.0,976665.0,145936.0,215621.0
2013-01-08,1148434.0,232184.0,589161.0,253139.0,47183.0,18908.0,230970.0,81695.0,112063.0,114579.0,42994.0,50526.0,1012369.0,942530.0,136065.0,205904.0
2012-12-31,1128183.0,220761.0,588850.0,253649.0,44562.0,22625.0,229879.0,65816.0,119628.0,110968.0,40185.0,41565.0,999075.0,923231.0,129108.0,204952.0
2012-12-24,1137584.0,228720.0,600429.0,252231.0,45131.0,21069.0,241432.0,70412.0,113876.0,112007.0,39375.0,38896.0,1008231.0,929188.0,129353.0,208396.0
2012-12-18,1153532.0,210474.0,635085.0,253720.0,47591.0,21016.0,271387.0,61641.0,103913.0,115734.0,41113.0,40513.0,1016757.0,950872.0,136775.0,202660.0
2012-12-11,1193445.0,227426.0,675311.0,251547.0,58683.0,21071.0,293587.0,39230.0,107024.0,110104.0,41851.0,47692.0,1058451.0,990862.0,134994.0,202583.0
2012-12-04,1203365.0,218554.0,696250.0,249584.0,60202.0,21486.0,323151.0,26337.0,98942.0,104575.0,42116.0,47569.0,1063861.0,992902.0,139504.0,210463.0
2012-11-27,1240603.0,255581.0,704853.0,251501.0,62225.0,21002.0,293149.0,24231.0,106587.0,100538.0,39070.0,57425.0,1085783.0,1015393.0,154820.0,225210.0
2012-11-20,1301506.0,280575.0,692650.0,246212.0,70034.0,25292.0,301919.0,30746.0,114502.0,106639.0,63803.0,74913.0,1150052.0,1071940.0,151454.0,229566.0
2012-11-13,1294574.0,283470.0,662753.0,255161.0,70395.0,24761.0,286868.0,49462.0,111275.0,107255.0,68502.0,74282.0,1143072.0,1061430.0,151502.0,233144.0
2012-11-06,1286309.0,264125.0,668753.0,247167.0,65411.0,34971.0,304496.0,46048.0,110088.0,107291.0,60931.0,70352.0,1138490.0,1056554.0,147819.0,229755.0
2012-10-30,1279243.0,250902.0,653904.0,241730.0,65241.0,38118.0,302352.0,41800.0,118979.0,109570.0,61491.0,69060.0,1130711.0,1048593.0,148532.0,230650.0
2012-10-23,1278961.0,241739.0,671117.0,243443.0,64589.0,37163.0,327316.0,31072.0,108203.0,105687.0,68272.0,68577.0,1132128.0,1048993.0,146833.0,229968.0
2012-10-16,1252825.0,245243.0,666832.0,245133.0,66091.0,35011.0,315510.0,32797.0,99654.0,107347.0,63007.0,60998.0,1108896.0,1024390.0,143929.0,228435.0
2012-10-09,1201847.0,218358.0,636474.0,246221.0,63401.0,36576.0,306161.0,27740.0,96359.0,102774.0,64329.0,54181.0,1060630.0,979060.0,141217.0,222787.0
2012-10-02,1206089.0,224046.0,641991.0,250464.0,65746.0,35497.0,308433.0,27574.0,94151.0,104388.0,66708.0,51707.0,1068686.0,983374.0,137403.0,222715.0
2012-09-25,1172897.0,208538.0,624273.0,252663.0,67420.0,36011.0,306182.0,23980.0,86443.0,100285.0,65454.0,48741.0,1038863.0,952322.0,134034.0,220575.0
2012-09-18,1175247.0,198315.0,633595.0,253954.0,64574.0,39223.0,318199.0,27886.0,83900.0,104112.0,67538.0,43355.0,1041058.0,960071.0,134189.0,215176.0
2012-09-11,1162740.0,185171.0,645143.0,264726.0,65224.0,37440.0,324608.0,22084.0,81035.0,94163.0,64742.0,39384.0,1026527.0,955052.0,136213.0,207688.0
2012-09-04,1178391.0,193256.0,674950.0,265401.0,60808.0,36810.0,333913.0,18862.0,78513.0,97064.0,64012.0,35738.0,1040695.0,969693.0,137696.0,208698.0
2012-08-28,1210057.0,219775.0,691103.0,264629.0,61298.0,38776.0,328950.0,20240.0,83269.0,95606.0,66846.0,38110.0,1069115.0,999642.0,140942.0,210415.0
2012-08-21,1256968.0,233609.0,704357.0,265486.0,62535.0,45208.0,336730.0,14250.0,82710.0,99292.0,78110.0,51768.0,1114803.0,1038938.0,142165.0,218030.0
2012-08-14,1212846.0,233554.0,679207.0,264262.0,58235.0,42995.0,310248.0,15101.0,80593.0,96330.0,75380.0,46154.0,1074136.0,997665.0,138710.0,215181.0
2012-08-07,1187048.0,249064.0,669901.0,263988.0,56599.0,37220.0,293750.0,12508.0,76814.0,95316.0,85245.0,37567.0,1053719.0,975854.0,133329.0,211194.0
2012-07-31,1190062.0,256265.0,673577.0,264778.0,56016.0,38513.0,292675.0,6714.0,73866.0,88171.0,92754.0,40254.0,1054522.0,981694.0,135540.0,208368.0
2012-07-24,1199304.0,265731.0,671674.0,271171.0,56335.0,34450.0,273814.0,9389.0,91890.0,88044.0,87494.0,42706.0,1067806.0,993938.0,131498.0,205366.0
2012-07-17,1154868.0,264610.0,645620.0,271898.0,54892.0,34249.0,239562.0,23484.0,75092.0,88058.0,84898.0,36721.0,1010190.0,954956.0,144678.0,199912.0
2012-07-10,1088659.0,239644.0,595377.0,274719.0,49261.0,31746.0,223824.0,31296.0,65542.0,83752.0,81395.0,32514.0,951741.0,887131.0,136918.0,201528.0
2012-07-03,1036438.0,196768.0,570417.0,285184.0,27583.0,25106.0,205775.0,40565.0,72233.0,86187.0,68816.0,31818.0,903071.0,836538.0,133367.0,199900.0
2012-06-26,1057772.0,206830.0,523543.0,291106.0,24673.0,30539.0,191115.0,86900.0,86981.0,79081.0,55815.0,37237.0,922889.0,845688.0,134883.0,212084.0
2012-06-19,1117515.0,210141.0,502094.0,306709.0,21100.0,30958.0,185396.0,122125.0,113785.0,89547.0,47454.0,50252.0,986788.0,887768.0,130727.0,229747.0
2012-06-12,1157512.0,233418.0,505677.0,309920.0,27759.0,36206.0,174146.0,126184.0,122842.0,89913.0,43147.0,62167.0,1028612.0,923982.0,128900.0,233530.0
2012-06-05,1178388.0,246638.0,518773.0,309652.0,27096.0,51678.0,180602.0,130789.0,113026.0,87834.0,44081.0,59242.0,1048672.0,944685.0,129716.0,233703.0
2012-05-29,1173286.0,251828.0,539942.0,317059.0,23018.0,45605.0,176146.0,105300.0,114899.0,85647.0,49842.0,60155.0,1051339.0,938761.0,121947.0,234525.0
2012-05-22,1195041.0,241722.0,569768.0,314328.0,21391.0,43488.0,199931.0,85066.0,126568.0,87518.0,55692.0,60794.0,1074349.0,962767.0,120692.0,232274.0
2012-05-15,1232055.0,248184.0,540143.0,317734.0,33243.0,47746.0,216426.0,126653.0,124110.0,87060.0,51519.0,65253.0,1106513.0,988667.0,125542.0,243388.0
2012-05-08,1232904.0,233218.0,570871.0,326712.0,34783.0,46421.0,224084.0,96510.0,125398.0,83875.0,52877.0,70096.0,1109804.0,996956.0,123100.0,235948.0
2012-05-01,1225210.0,226263.0,560866.0,322684.0,29685.0,45959.0,227310.0,106746.0,123809.0,88213.0,56829.0,64924.0,1099162.0,988818.0,126048.0,236392.0
2012-04-24,1309733.0,265387.0,582424.0,321581.0,26827.0,50037.0,229310.0,115783.0,145376.0,84317.0,50770.0,78542.0,1174550.0,1049759.0,135183.0,259974.0
2012-04-17,1355022.0,259430.0,635781.0,315065.0,22333.0,60912.0,244576.0,85591.0,148731.0,101078.0,49632.0,89068.0,1218860.0,1092048.0,136162.0,262974.0
2012-04-10,1349593.0,241962.0,641860.0,312149.0,23581.0,59320.0,268530.0,60687.0,162861.0,83776.0,52350.0,87937.0,1216535.0,1088596.0,133058.0,260997.0
2012-04-03,1342159.0,234489.0,649161.0,312486.0,23073.0,67567.0,270825.0,59318.0,155348.0,83486.0,49127.0,86655.0,1210856.0,1090249.0,131303.0,251910.0
2012-03-27,1309002.0,213680.0,651740.0,306271.0,21713.0,59421.0,285268.0,45066.0,165831.0,79633.0,50702.0,68692.0,1178796.0,1063165.0,130206.0,245837.0
2012-03-20,1324553.0,205722.0,688328.0,305301.0,24181.0,58288.0,306534.0,32168.0,164365.0,84720.0,47374.0,64262.0,1189192.0,1078966.0,135361.0,245587.0
2012-03-13,1322339.0,215408.0,668065.0,302863.0,25752.0,57272.0,299527.0,47235.0,163217.0,82485.0,47350.0,67359.0,1188131.0,1076250.0,134208.0,246089.0
2012-03-06,1289545.0,215891.0,655747.0,295744.0,24975.0,55774.0,297822.0,42018.0,159659.0,76936.0,49848.0,61584.0,1163410.0,1049605.0,126135.0,239940.0
2012-02-28,1281619.0,231233.0,635725.0,292242.0,25098.0,54773.0,287866.0,66247.0,140072.0,74538.0,47053.0,67711.0,1148435.0,1036679.0,133184.0,244940.0
2012-02-21,1312513.0,260680.0,618034.0,285692.0,25803.0,62870.0,272069.0,81084.0,147781.0,77715.0,55055.0,74323.0,1181130.0,1064950.0,131383.0,247563.0
2012-02-14,1315896.0,273682.0,624210.0,274622.0,25227.0,63094.0,290715.0,76964.0,141425.0,72836.0,60746.0,73244.0,1189618.0,1064910.0,126278.0,250986.0
2012-02-07,1278749.0,255854.0,616304.0,275626.0,25318.0,54172.0,288483.0,75137.0,144532.0,73946.0,58704.0,55988.0,1148601.0,1030155.0,130148.0,248594.0
2012-01-31,1235541.0,246540.0,600159.0,279023.0,25516.0,52594.0,271637.0,77239.0,123957.0,73045.0,55279.0,62138.0,1108934.0,996882.0,126607.0,238659.0
2012-01-24,1214461.0,240461.0,567544.0,279973.0,26967.0,46127.0,246234.0,95882.0,115791.0,83724.0,54622.0,59711.0,1072021.0,966644.0,142440.0,247817.0
2012-01-17,1205421.0,234672.0,581205.0,282225.0,29844.0,43222.0,248789.0,79168.0,115935.0,85006.0,55699.0,51282.0,1061131.0,956355.0,144290.0,249066.0
2012-01-10,1211479.0,237075.0,614014.0,293249.0,30080.0,45317.0,261956.0,59496.0,112991.0,76537.0,55579.0,47098.0,1074223.0,964575.0,137256.0,246904.0
2012-01-03,1176009.0,233100.0,583104.0,297607.0,29282.0,49185.0,234190.0,65107.0,112071.0,74449.0,52803.0,43856.0,1044458.0,935408.0,131551.0,240601.0
2011-12-27,1153978.0,233074.0,556776.0,295760.0,27551.0,49400.0,219609.0,87903.0,104804.0,74122.0,51021.0,42088.0,1018857.0,919543.0,135121.0,234435.0
2011-12-20,1165319.0,246921.0,549362.0,294644.0,28690.0,47089.0,217383.0,101705.0,105810.0,72940.0,54341.0,47952.0,1032739.0,934949.0,132580.0,230370.0
2011-12-13,1166155.0,259412.0,561168.0,287315.0,29204.0,49788.0,226828.0,102252.0,95846.0,73138.0,55756.0,44069.0,1036396.0,938083.0,129759.0,228072.0
2011-12-06,1146906.0,255246.0,570600.0,286047.0,28034.0,45666.0,221267.0,93587.0,92305.0,72880.0,54502.0,41329.0,1014740.0,926023.0,132166.0,220883.0
2011-11-29,1156942.0,276193.0,617169.0,291313.0,29184.0,44624.0,219041.0,73365.0,82104.0,72668.0,54036.0,42390.0,1028333.0,942872.0,128609.0,214070.0
2011-11-22,1298708.0,319361.0,662748.0,259175.0,49050.0,76897.0,247967.0,74062.0,89528.0,113642.0,59767.0,56726.0,1163296.0,1068778.0,135412.0,229930.0
2011-11-15,1318579.0,319582.0,684080.0,230990.0,56966.0,94786.0,270871.0,63760.0,93011.0,114332.0,59247.0,56365.0,1179937.0,1108215.0,138642.0,210364.0
2011-11-08,1267573.0,303626.0,670403.0,226895.0,61817.0,74640.0,268395.0,54910.0,87326.0,117158.0,58069.0,44439.0,1122479.0,1051604.0,145094.0,215969.0
2011-11-01,1231824.0,289791.0,637765.0,230484.0,65822.0,69111.0,254628.0,61982.0,73475.0,129148.0,52521.0,40776.0,1087413.0,1001452.0,144411.0,230372.0
2011-10-25,1220762.0,285111.0,624824.0,230456.0,67321.0,64768.0,244950.0,57389.0,78172.0,130931.0,53659.0,42501.0,1076889.0,988634.0,143873.0,232128.0
2011-10-18,1237331.0,301410.0,618289.0,235498.0,70280.0,63139.0,230944.0,70223.0,79152.0,136595.0,55653.0,41797.0,1088535.0,998533.0,148796.0,238798.0
2011-10-11,1194707.0,293516.0,599374.0,238675.0,70288.0,62791.0,222914.0,61774.0,68385.0,136721.0,62542.0,39332.0,1062334.0,964486.0,132373.0,230221.0
2011-10-04,1202658.0,282528.0,622060.0,236054.0,72600.0,63732.0,239415.0,45795.0,60978.0,140129.0,62079.0,39601.0,1062437.0,966845.0,140221.0,235813.0
2011-09-27,1194151.0,247209.0,627976.0,245459.0,72197.0,57919.0,258280.0,46514.0,61442.0,151155.0,54129.0,34603.0,1056067.0,954780.0,138084.0,239371.0
2011-09-20,1211618.0,218671.0,662412.0,259618.0,70171.0,55307.0,285577.0,38567.0,57453.0,163851.0,59583.0,32779.0,1073256.0,976272.0,138362.0,235346.0
2011-09-13,1213565.0,199165.0,672764.0,259580.0,60015.0,48746.0,323958.0,42880.0,55584.0,157946.0,69799.0,27592.0,1072571.0,977380.0,140994.0,236185.0
2011-09-06,1239567.0,192487.0,694634.0,266451.0,59989.0,44191.0,344109.0,40796.0,56107.0,158849.0,69839.0,34438.0,1096632.0,999994.0,142935.0,239573.0
2011-08-30,1237201.0,186212.0,686222.0,268439.0,58923.0,42571.0,335295.0,41048.0,53636.0,156422.0,66500.0,48763.0,1091338.0,997663.0,145863.0,239538.0
2011-08-23,1265224.0,198251.0,667356.0,258927.0,70616.0,65981.0,314078.0,39009.0,68109.0,157543.0,63582.0,49871.0,1112760.0,1024524.0,152464.0,240700.0
2011-08-16,1245188.0,198198.0,666960.0,252174.0,70379.0,62142.0,309318.0,36058.0,65895.0,162668.0,62561.0,48608.0,1099003.0,1012603.0,146185.0,232585.0
2011-08-09,1224921.0,204908.0,661603.0,253789.0,66992.0,75174.0,291178.0,36663.0,60152.0,160993.0,54133.0,39745.0,1085939.0,994462.0,138982.0,230459.0
2011-08-02,1234631.0,205336.0,666671.0,262777.0,62919.0,81642.0,303064.0,33686.0,60090.0,145633.0,61800.0,35181.0,1093723.0,1001989.0,140908.0,232642.0
2011-07-26,1203373.0,217303.0,662341.0,267152.0,63602.0,59907.0,288255.0,39888.0,51651.0,141516.0,59877.0,37247.0,1063031.0,974513.0,140342.0,228860.0
2011-07-19,1196995.0,226746.0,668381.0,259789.0,63074.0,60126.0,279592.0,33557.0,50772.0,146272.0,62871.0,35435.0,1058732.0,974216.0,138263.0,222779.0
2011-07-12,1188189.0,227962.0,651340.0,263480.0,61581.0,55584.0,254806.0,37313.0,60330.0,148481.0,59024.0,35078.0,1045721.0,960250.0,142468.0,227939.0
2011-07-05,1200848.0,244470.0,664683.0,267550.0,62462.0,53376.0,242707.0,43347.0,63745.0,147780.0,54975.0,35939.0,1055567.0,978527.0,145281.0,222321.0
2011-06-28,1251856.0,240876.0,700124.0,267913.0,68063.0,54859.0,262729.0,37428.0,75742.0,147757.0,51643.0,38905.0,1088781.0,1026764.0,163075.0,225092.0
2011-06-21,1414879.0,254959.0,755392.0,252287.0,89489.0,81484.0,338235.0,37870.0,98895.0,167134.0,62980.0,57838.0,1250832.0,1183948.0,164047.0,230931.0
2011-06-14,1482562.0,234415.0,792172.0,268076.0,94132.0,67747.0,385344.0,32062.0,105457.0,177979.0,71061.0,80099.0,1319117.0,1242730.0,163445.0,239832.0
2011-06-07,1451153.0,238673.0,797456.0,267091.0,95591.0,54185.0,371280.0,32771.0,101266.0,180981.0,61358.0,75474.0,1288950.0,1218101.0,162203.0,233052.0
2011-05-31,1435358.0,234945.0,810110.0,271195.0,91075.0,57925.0,379147.0,32539.0,90895.0,175768.0,58858.0,64193.0,1274068.0,1205595.0,161290.0,229763.0
2011-05-24,1405435.0,238738.0,800754.0,272572.0,87963.0,56460.0,363521.0,33205.0,85461.0,168669.0,59526.0,62487.0,1247908.0,1185856.0,157527.0,219579.0
2011-05-17,1421489.0,249404.0,789188.0,268978.0,76791.0,59870.0,352753.0,46205.0,93167.0,175216.0,66220.0,65611.0,1264999.0,1197052.0,156490.0,224437.0
2011-05-10,1445980.0,259535.0,817604.0,272790.0,73359.0,58798.0,355926.0,46889.0,95557.0,179164.0,66536.0,67649.0,1289419.0,1226392.0,156561.0,219588.0
2011-05-03,1492620.0,251237.0,853921.0,288119.0,70444.0,69933.0,374136.0,36837.0,102380.0,172921.0,63769.0,73927.0,1332653.0,1271211.0,159967.0,221409.0
2011-04-26,1592733.0,256399.0,894238.0,296311.0,72387.0,75146.0,398507.0,29414.0,114126.0,172018.0,68044.0,100238.0,1412745.0,1353593.0,179988.0,239140.0
2011-04-19,1650391.0,283927.0,892202.0,288213.0,66282.0,99036.0,398607.0,32005.0,127488.0,170442.0,78316.0,109621.0,1477334.0,1404950.0,173057.0,245441.0
2011-04-12,1659868.0,314367.0,909056.0,296014.0,60859.0,90743.0,381477.0,31754.0,134274.0,175736.0,75886.0,103208.0,1495819.0,1405780.0,164049.0,254088.0
2011-04-05,1618509.0,314369.0,892115.0,301726.0,54054.0,100519.0,355582.0,28533.0,125250.0,168022.0,76457.0,92746.0,1458214.0,1369674.0,160295.0,248835.0
2011-03-29,1533106.0,300132.0,858891.0,305230.0,51394.0,86588.0,331149.0,29979.0,121225.0,155554.0,68393.0,78527.0,1378405.0,1294997.0,154701.0,238109.0
2011-03-22,1570517.0,310784.0,863465.0,303693.0,52278.0,98299.0,342588.0,30788.0,127491.0,152986.0,75186.0,85909.0,1421750.0,1333416.0,148767.0,237101.0
2011-03-15,1613794.0,314726.0,896580.0,292779.0,42431.0,98745.0,374326.0,34093.0,124451.0,154610.0,75540.0,92133.0,1451770.0,1363973.0,162024.0,249821.0
2011-03-08,1627775.0,281310.0,928275.0,309032.0,42267.0,83089.0,409630.0,23548.0,123148.0,149295.0,77488.0,99545.0,1455049.0,1377360.0,172726.0,250415.0
2011-03-01,1647635.0,280441.0,952652.0,307589.0,40388.0,84636.0,431569.0,22125.0,114092.0,153003.0,83750.0,99346.0,1470676.0,1396989.0,176959.0,250646.0
2011-02-22,1712941.0,317876.0,982900.0,298465.0,37198.0,85226.0,429713.0,29086.0,111430.0,164821.0,82668.0,104794.0,1512325.0,1433302.0,200616.0,279639.0
2011-02-15,1719874.0,314226.0,966940.0,285190.0,40271.0,90002.0,412004.0,34480.0,118468.0,202855.0,97055.0,114270.0,1537015.0,1461486.0,182859.0,258388.0
2011-02-08,1690126.0,301626.0,959491.0,292407.0,42712.0,83853.0,419016.0,35419.0,104139.0,201672.0,92536.0,105154.0,1507867.0,1423304.0,182259.0,266822.0
2011-02-01,1669116.0,281772.0,946398.0,302524.0,41066.0,76812.0,415180.0,30973.0,115524.0,199568.0,85598.0,102410.0,1493790.0,1398781.0,175326.0,270335.0
2011-01-25,1623752.0,278208.0,927454.0,304801.0,42710.0,65005.0,402657.0,31893.0,108617.0,200738.0,89582.0,90761.0,1450787.0,1356022.0,172965.0,267730.0
2011-01-18,1610189.0,270942.0,939759.0,317041.0,44436.0,65469.0,398651.0,31282.0,104632.0,208089.0,95739.0,77793.0,1442617.0,1359110.0,167572.0,251079.0
2011-01-11,1553651.0,268942.0,923171.0,315805.0,38670.0,59407.0,382125.0,29143.0,91192.0,205342.0,97373.0,76479.0,1399292.0,1315435.0,154359.0,238216.0
2011-01-04,1546155.0,259775.0,923690.0,349894.0,52798.0,55139.0,386393.0,33056.0,81824.0,197863.0,94730.0,62084.0,1392972.0,1303321.0,153183.0,242834.0
2010-12-28,1542447.0,247543.0,932677.0,342641.0,52060.0,57946.0,401167.0,31895.0,72622.0,199038.0,87875.0,61866.0,1382823.0,1296941.0,159624.0,245506.0
2010-12-21,1518419.0,243484.0,905452.0,338715.0,48731.0,58628.0,388132.0,34229.0,80102.0,199612.0,90752.0,60878.0,1369551.0,1278772.0,148868.0,239647.0
2010-12-14,1490016.0,240968.0,879714.0,333863.0,47367.0,54537.0,369039.0,33351.0,84211.0,194707.0,88768.0,62735.0,1340060.0,1250683.0,149956.0,239333.0
2010-12-07,1489862.0,241614.0,863870.0,330485.0,48587.0,50680.0,350037.0,33855.0,90951.0,190207.0,84801.0,72268.0,1326242.0,1245012.0,163620.0,244850.0
2010-11-30,1518147.0,249756.0,867354.0,329869.0,48003.0,55355.0,341424.0,30059.0,101566.0,190221.0,86840.0,83191.0,1351382.0,1272368.0,166765.0,245779.0
2010-11-23,1630025.0,280848.0,871794.0,330497.0,55441.0,71565.0,358657.0,47088.0,108664.0,186621.0,105897.0,122810.0,1459662.0,1383259.0,170363.0,246766.0
2010-11-16,1632201.0,274386.0,883506.0,330914.0,51460.0,80268.0,357806.0,40124.0,115038.0,202137.0,110766.0,103811.0,1464360.0,1384973.0,167841.0,247228.0
2010-11-09,1674251.0,273108.0,906973.0,317780.0,47528.0,78655.0,390619.0,37510.0,120937.0,196351.0,113852.0,107021.0,1484471.0,1412476.0,189780.0,261775.0
2010-11-02,1618200.0,249702.0,906744.0,338366.0,42113.0,60639.0,384344.0,31127.0,120074.0,185403.0,105162.0,102445.0,1440973.0,1368304.0,177227.0,249896.0
2010-10-26,1580990.0,235874.0,897740.0,352126.0,41543.0,47029.0,376327.0,22619.0,123107.0,179543.0,102588.0,91375.0,1405381.0,1326001.0,175609.0,254989.0
2010-10-19,1530657.0,204651.0,899570.0,378294.0,30347.0,29710.0,375820.0,25497.0,112975.0,182771.0,101679.0,77925.0,1362146.0,1277703.0,168511.0,252954.0
2010-10-12,1475534.0,183990.0,884230.0,380754.0,29182.0,20292.0,369584.0,20845.0,102673.0,186774.0,102776.0,65391.0,1309458.0,1225389.0,166076.0,250145.0
2010-10-05,1439869.0,155991.0,864140.0,389780.0,28577.0,14892.0,377005.0,18541.0,94786.0,178104.0,92433.0,71935.0,1282493.0,1185304.0,157376.0,254565.0
2010-09-28,1449581.0,140587.0,884012.0,398390.0,28523.0,17399.0,394884.0,18419.0,82444.0,183043.0,90355.0,75248.0,1291995.0,1196400.0,157586.0,253181.0
2010-09-21,1441646.0,135070.0,882657.0,407859.0,28288.0,13174.0,375309.0,34454.0,79544.0,205669.0,80810.0,74056.0,1290681.0,1192983.0,150965.0,248663.0
2010-09-14,1374822.0,118976.0,829963.0,404610.0,27136.0,11906.0,373941.0,29834.0,72292.0,181938.0,81956.0,61658.0,1225321.0,1114745.0,149501.0,260077.0
2010-09-07,1381018.0,109179.0,831947.0,420528.0,18964.0,13692.0,360245.0,18908.0,80399.0,170385.0,79025.0,84302.0,1238730.0,1127237.0,142288.0,253781.0
2010-08-31,1339412.0,102373.0,782404.0,411655.0,14393.0,14918.0,346008.0,24432.0,75388.0,158853.0,76058.0,97460.0,1206655.0,1085053.0,132757.0,254359.0
2010-08-24,1347806.0,129937.0,760882.0,415165.0,13155.0,17713.0,322104.0,38117.0,81095.0,147637.0,73649.0,106586.0,1220237.0,1091197.0,127569.0,256609.0
2010-08-17,1342765.0,131561.0,760652.0,420878.0,11288.0,15539.0,312703.0,41464.0,78790.0,146987.0,70991.0,103488.0,1209946.0,1082212.0,132819.0,260553.0
2010-08-10,1296610.0,142084.0,723017.0,422803.0,10212.0,14265.0,291710.0,45201.0,73124.0,133097.0,69140.0,93682.0,1170765.0,1028641.0,125845.0,267969.0
2010-08-03,1244111.0,145128.0,664155.0,415780.0,9161.0,15317.0,263340.0,65617.0,74622.0,123965.0,62037.0,87801.0,1125953.0,978710.0,118158.0,265401.0
2010-07-27,1218788.0,164770.0,606195.0,412275.0,9241.0,13485.0,235132.0,87326.0,84951.0,104761.0,61735.0,97233.0,1112607.0,960166.0,106181.0,258622.0
2010-07-20,1179329.0,161168.0,600192.0,404129.0,9551.0,13576.0,230428.0,70575.0,79562.0,95102.0,59582.0,88503.0,1072468.0,921541.0,106861.0,257788.0
2010-07-13,1118799.0,154199.0,541478.0,390565.0,9120.0,12521.0,212198.0,92512.0,72623.0,85193.0,54306.0,79064.0,1006363.0,861624.0,112436.0,257175.0
2010-07-06,1100697.0,170403.0,491037.0,397603.0,10695.0,12115.0,171013.0,130066.0,75595.0,85290.0,52920.0,73829.0,985848.0,846257.0,114849.0,254440.0
2010-06-29,1133201.0,197025.0,460850.0,399651.0,16437.0,13360.0,162457.0,182278.0,78821.0,80013.0,50364.0,85868.0,1017195.0,887978.0,116006.0,245223.0
2010-06-22,1201495.0,183587.0,513499.0,388602.0,16011.0,32777.0,179941.0,146749.0,94712.0,104103.0,42298.0,97619.0,1081341.0,943665.0,120154.0,257830.0
2010-06-15,1209610.0,194029.0,495463.0,381178.0,17957.0,27856.0,185828.0,189940.0,86760.0,117992.0,37132.0,90422.0,1084065.0,945530.0,125545.0,264080.0
2010-06-08,1239243.0,208960.0,515939.0,381601.0,17051.0,43987.0,175372.0,174009.0,81051.0,117622.0,38036.0,103334.0,1111927.0,973407.0,127316.0,265836.0
2010-06-01,1216030.0,184166.0,543545.0,395387.0,15353.0,45389.0,185673.0,134323.0,83969.0,108158.0,35634.0,93106.0,1095848.0,951319.0,120182.0,264711.0
2010-05-25,1207240.0,190119.0,563932.0,403385.0,15239.0,37519.0,187421.0,130899.0,83366.0,103098.0,36772.0,83738.0,1088646.0,951465.0,118594.0,255775.0
2010-05-18,1211345.0,192890.0,561996.0,408566.0,14187.0,34401.0,196976.0,146815.0,85319.0,99038.0,38318.0,77372.0,1094562.0,958408.0,116783.0,252937.0
2010-05-11,1188814.0,180583.0,564369.0,413314.0,13842.0,33366.0,195186.0,129934.0,83990.0,89308.0,37828.0,71632.0,1067379.0,934961.0,121435.0,253853.0
2010-05-04,1170638.0,184711.0,553699.0,412756.0,10713.0,28464.0,185806.0,140918.0,72892.0,87071.0,34882.0,78621.0,1050321.0,920189.0,120317.0,250449.0
2010-04-27,1151983.0,199174.0,509288.0,403984.0,7795.0,28085.0,170038.0,187816.0,60625.0,86781.0,30683.0,81441.0,1030128.0,905733.0,121855.0,246250.0
2010-04-20,1177717.0,196813.0,506097.0,398190.0,7919.0,24287.0,175020.0,179738.0,79284.0,86191.0,34105.0,91109.0,1050894.0,922539.0,126823.0,255178.0
2010-04-13,1179914.0,200371.0,474307.0,392692.0,6794.0,27209.0,161604.0,194745.0,81981.0,89742.0,38975.0,101557.0,1055156.0,925568.0,124758.0,254346.0
2010-04-06,1150288.0,205317.0,474579.0,385397.0,7243.0,30389.0,159204.0,189224.0,74413.0,86797.0,38642.0,82705.0,1024222.0,897195.0,126066.0,253093.0
2010-03-30,1136859.0,197231.0,491104.0,393413.0,7177.0,29504.0,160110.0,165711.0,67186.0,79982.0,38224.0,82882.0,1010308.0,881788.0,126551.0,255071.0
2010-03-23,1136023.0,185961.0,517059.0,396623.0,5471.0,27262.0,170053.0,151744.0,69134.0,88671.0,39946.0,75887.0,1013591.0,886503.0,122432.0,249520.0
2010-03-16,1123971.0,185533.0,528210.0,389771.0,4953.0,26805.0,180041.0,135152.0,64459.0,79364.0,36985.0,77482.0,1003455.0,874046.0,120516.0,249925.0
2010-03-09,1118686.0,182528.0,542385.0,386630.0,4490.0,24160.0,182270.0,107151.0,64973.0,76965.0,41823.0,80821.0,998347.0,865803.0,120339.0,252883.0
2010-03-02,1112128.0,180232.0,543665.0,388784.0,4219.0,23052.0,182768.0,103075.0,61688.0,73758.0,39860.0,83045.0,993327.0,858604.0,118801.0,253524.0
2010-02-23,1124609.0,199299.0,531297.0,381184.0,4066.0,23976.0,179037.0,121674.0,61183.0,67286.0,34652.0,89560.0,1001525.0,866408.0,123084.0,258201.0
2010-02-16,1173842.0,214730.0,534203.0,378698.0,7312.0,25349.0,174959.0,135678.0,64366.0,82635.0,32880.0,106835.0,1047572.0,906623.0,126270.0,267219.0
2010-02-09,1145635.0,209087.0,527557.0,382066.0,7670.0,25832.0,175150.0,135911.0,62470.0,80869.0,32633.0,82452.0,1017926.0,874525.0,127709.0,271110.0
2010-02-02,1155639.0,190707.0,542728.0,384997.0,6531.0,28171.0,189407.0,113297.0,69152.0,86246.0,32017.0,94015.0,1042695.0,885911.0,112944.0,269728.0
2010-01-26,1135793.0,183445.0,554536.0,395470.0,6567.0,17595.0,192527.0,97592.0,77119.0,81571.0,33394.0,78686.0,1026413.0,865489.0,109380.0,270304.0
2010-01-19,1122443.0,177374.0,590386.0,396568.0,7984.0,15919.0,203841.0,71521.0,63093.0,82610.0,33154.0,72820.0,1012225.0,854877.0,110218.0,267566.0
2010-01-12,1113057.0,166907.0,637814.0,355088.0,6978.0,15596.0,271187.0,35636.0,48065.0,72829.0,35247.0,71544.0,1001216.0,850880.0,111841.0,262177.0
2010-01-05,1032529.0,162756.0,611321.0,323753.0,8262.0,17869.0,258703.0,28817.0,43575.0,69184.0,35090.0,53856.0,929696.0,798790.0,102833.0,233739.0
2009-12-29,989671.0,161471.0,582202.0,322192.0,5772.0,16740.0,233481.0,29316.0,36766.0,66073.0,33450.0,49564.0,886287.0,753810.0,103384.0,235861.0
2009-12-22,963483.0,163599.0,559399.0,321234.0,5734.0,15716.0,219240.0,33087.0,39113.0,65010.0,36321.0,43944.0,867856.0,733314.0,95627.0,230169.0
2009-12-15,954008.0,157350.0,548131.0,318597.0,5609.0,14853.0,221101.0,29032.0,39641.0,64129.0,43237.0,42524.0,858195.0,723027.0,95813.0,230981.0
2009-12-08,969018.0,159318.0,536104.0,322910.0,6107.0,10665.0,216177.0,43002.0,39845.0,64247.0,42656.0,55237.0,868399.0,733616.0,100619.0,235402.0
2009-12-01,976201.0,146585.0,558017.0,324706.0,4467.0,9020.0,234018.0,20825.0,30141.0,60914.0,44151.0,65625.0,871009.0,732246.0,105192.0,243955.0
2009-11-24,987182.0,164399.0,539179.0,321491.0,5373.0,9829.0,207554.0,22757.0,30929.0,60449.0,46808.0,79900.0,874551.0,734775.0,112631.0,252407.0
2009-11-17,1056596.0,173028.0,554568.0,334792.0,4525.0,7056.0,223894.0,25745.0,33350.0,67572.0,73024.0,91251.0,930943.0,789519.0,125653.0,267077.0
2009-11-09,1004837.0,174999.0,519801.0,316839.0,5861.0,9391.0,209477.0,25499.0,41498.0,65087.0,74493.0,77008.0,894299.0,753551.0,110538.0,251286.0
2009-11-03,948636.0,174818.0,511000.0,306239.0,5774.0,10277.0,215249.0,25880.0,44966.0,58582.0,76345.0,59927.0,870058.0,734169.0,78578.0,214467.0
2009-10-27,964370.0,170439.0,502530.0,302640.0,5933.0,6964.0,210801.0,34715.0,50778.0,60324.0,75540.0,54357.0,856303.0,730817.0,108067.0,233553.0
2009-10-20,942450.0,164844.0,482569.0,296499.0,5435.0,7809.0,222182.0,38240.0,50004.0,52802.0,79044.0,47294.0,841434.0,710395.0,101016.0,232055.0
2009-10-13,904844.0,162258.0,460370.0,288343.0,4505.0,8942.0,210080.0,44665.0,41255.0,52034.0,80490.0,43844.0,806756.0,684071.0,98088.0,220773.0
2009-10-06,899495.0,164770.0,432825.0,290418.0,7073.0,8706.0,204636.0,70202.0,36443.0,51360.0,89531.0,42548.0,798881.0,687328.0,100614.0,212167.0
2009-09-29,852229.0,161542.0,398114.0,282453.0,7320.0,8563.0,179865.0,81594.0,33125.0,51390.0,80592.0,40729.0,757667.0,650037.0,94562.0,202192.0
2009-09-22,870345.0,166569.0,381120.0,280591.0,8128.0,9115.0,178425.0,108520.0,38068.0,53404.0,80164.0,46753.0,772925.0,671868.0,97420.0,198477.0
2009-09-15,861267.0,164814.0,378253.0,273278.0,8318.0,9843.0,170914.0,110347.0,38769.0,56071.0,72275.0,45221.0,758910.0,663026.0,102357.0,198241.0
2009-09-08,832992.0,170125.0,350536.0,270303.0,8248.0,8226.0,151687.0,132025.0,34047.0,55234.0,63470.0,44446.0,734068.0,640998.0,98924.0,191994.0
2009-09-01,835960.0,160946.0,359211.0,273089.0,8292.0,8161.0,151997.0,126289.0,32149.0,57198.0,60831.0,53303.0,736843.0,648236.0,99117.0,187724.0
2009-08-25,859458.0,180696.0,378625.0,265784.0,7257.0,14556.0,154270.0,118100.0,29130.0,51107.0,56089.0,57182.0,752725.0,660939.0,106733.0,198519.0
2009-08-18,863119.0,174420.0,388315.0,255779.0,6564.0,22245.0,156045.0,105485.0,30537.0,57294.0,54424.0,66483.0,762803.0,674053.0,100316.0,189066.0
2009-08-11,865645.0,161384.0,387812.0,255424.0,5993.0,26567.0,162391.0,95548.0,34489.0,61270.0,56528.0,58394.0,759919.0,665331.0,105726.0,200314.0
2009-08-04,871875.0,166441.0,386710.0,252714.0,6242.0,29503.0,158087.0,98557.0,45880.0,63048.0,57475.0,48306.0,763979.0,672673.0,107896.0,199202.0
2009-07-28,880331.0,174355.0,372279.0,251303.0,5842.0,33273.0,152182.0,118981.0,53029.0,64662.0,56540.0,44039.0,772843.0,683983.0,107488.0,196348.0
2009-07-21,906486.0,199387.0,360937.0,245490.0,16459.0,26872.0,155839.0,118978.0,56132.0,60035.0,62513.0,58114.0,801869.0,700005.0,104617.0,206481.0
2009-07-14,890306.0,194267.0,383895.0,242998.0,19235.0,23319.0,165492.0,107076.0,49666.0,61606.0,53766.0,50406.0,787754.0,687363.0,102552.0,202943.0
2009-07-07,898787.0,200001.0,400604.0,240517.0,18931.0,17244.0,170319.0,99143.0,52941.0,62560.0,48228.0,55923.0,799505.0,693014.0,99282.0,205773.0
2009-06-30,922119.0,209638.0,435491.0,238089.0,16983.0,17391.0,181238.0,87132.0,52068.0,61190.0,42246.0,64967.0,824581.0,716278.0,97538.0,205841.0
2009-06-23,976526.0,211189.0,461353.0,245203.0,15491.0,19453.0,189844.0,84556.0,53792.0,71205.0,48960.0,77862.0,868548.0,761467.0,107978.0,215059.0
2009-06-16,979945.0,187416.0,480412.0,245420.0,16239.0,16461.0,203979.0,56805.0,50845.0,77599.0,51258.0,92412.0,874132.0,764432.0,105813.0,215513.0
2009-06-09,978960.0,166447.0,511845.0,246367.0,13266.0,13030.0,222001.0,43947.0,53760.0,81744.0,49431.0,82699.0,866048.0,767978.0,112912.0,210982.0
2009-06-02,979982.0,163400.0,509852.0,245420.0,12169.0,10464.0,225231.0,54724.0,58962.0,82055.0,45856.0,74756.0,860288.0,766783.0,119694.0,213199.0
2009-05-26,929290.0,166893.0,477006.0,231787.0,15389.0,9261.0,204587.0,47730.0,55827.0,75820.0,38497.0,72701.0,816876.0,716411.0,112414.0,212879.0
2009-05-19,877421.0,160455.0,448478.0,226898.0,15429.0,8676.0,194512.0,48876.0,50312.0,62967.0,38595.0,66240.0,770060.0,676606.0,107361.0,200815.0
2009-05-12,858911.0,154748.0,423801.0,219422.0,15380.0,7088.0,176519.0,62096.0,54973.0,68580.0,32123.0,68416.0,749746.0,663877.0,109165.0,195034.0
2009-05-05,796882.0,146006.0,360239.0,215911.0,16405.0,5962.0,152697.0,85307.0,53473.0,56602.0,29443.0,72431.0,703082.0,623260.0,93800.0,173622.0
2009-04-28,798625.0,161660.0,327847.0,209947.0,17566.0,7273.0,127209.0,107123.0,53396.0,56050.0,26338.0,77242.0,692777.0,616785.0,105848.0,181840.0
2009-04-21,820699.0,175923.0,346825.0,203374.0,16561.0,7017.0,125932.0,99185.0,52720.0,64702.0,26166.0,86140.0,715808.0,634614.0,104891.0,186085.0
2009-04-14,834150.0,171932.0,385397.0,203993.0,16140.0,8786.0,126030.0,62297.0,50207.0,67606.0,28280.0,93111.0,721665.0,644218.0,112485.0,189932.0
2009-04-07,837770.0,186812.0,401447.0,202381.0,16077.0,13293.0,119513.0,56061.0,51285.0,70438.0,25905.0,86740.0,730462.0,650808.0,107308.0,186962.0
2009-03-31,811140.0,183509.0,388749.0,198690.0,16109.0,14014.0,120997.0,55564.0,51588.0,65375.0,31092.0,66704.0,700877.0,623820.0,110263.0,187320.0
2009-03-24,787271.0,172052.0,379769.0,195342.0,15818.0,13746.0,117381.0,51425.0,50914.0,62308.0,31338.0,66749.0,678492.0,609759.0,108779.0,177512.0
2009-03-17,758675.0,163196.0,355609.0,187059.0,16012.0,16689.0,111540.0,57551.0,48798.0,61284.0,27076.0,62045.0,650611.0,583780.0,108064.0,174895.0
2009-03-10,752372.0,166850.0,320348.0,186981.0,16381.0,14008.0,107009.0,85502.0,46540.0,56088.0,28954.0,64341.0,641817.0,576074.0,110555.0,176298.0
2009-03-03,748252.0,176639.0,297296.0,191076.0,16764.0,10873.0,97242.0,106637.0,45354.0,54526.0,29756.0,62271.0,637981.0,568951.0,110271.0,179301.0
2009-02-24,767829.0,193346.0,306526.0,188987.0,16996.0,8968.0,99147.0,114888.0,52026.0,50828.0,30134.0,58322.0,651624.0,587860.0,116205.0,179969.0
2009-02-17,812494.0,210817.0,321144.0,191430.0,14780.0,13424.0,101981.0,110050.0,56083.0,56891.0,47742.0,66382.0,697008.0,629605.0,115486.0,182889.0
2009-02-10,812240.0,201892.0,334229.0,191300.0,14749.0,13012.0,105329.0,92561.0,57828.0,56242.0,46579.0,74954.0,700557.0,633912.0,111683.0,178328.0
2009-02-03,817268.0,200983.0,330014.0,193586.0,12449.0,13247.0,104815.0,87333.0,55033.0,50073.0,51759.0,83194.0,700931.0,633029.0,116337.0,184239.0
2009-01-27,798353.0,190371.0,346774.0,194581.0,7422.0,14291.0,105017.0,70719.0,53403.0,51619.0,47123.0,81821.0,691103.0,621553.0,107250.0,176800.0
2009-01-20,808890.0,193160.0,353435.0,192329.0,7593.0,15515.0,110138.0,66885.0,52467.0,51742.0,47648.0,81428.0,696779.0,624971.0,112111.0,183919.0
2009-01-13,812954.0,203999.0,368790.0,198979.0,7646.0,12675.0,104312.0,62452.0,53186.0,49809.0,49927.0,81191.0,704151.0,635867.0,108803.0,177087.0
2009-01-06,814872.0,198098.0,385892.0,210432.0,11446.0,11927.0,105002.0,55560.0,52822.0,51058.0,50036.0,76479.0,705818.0,644162.0,109054.0,170710.0
2008-12-30,802641.0,206595.0,386032.0,204569.0,11198.0,11830.0,101140.0,60081.0,50239.0,51763.0,47197.0,71566.0,697702.0,638143.0,104939.0,164498.0
2008-12-22,802375.0,220265.0,382453.0,201018.0,11071.0,12188.0,101017.0,68550.0,47974.0,52683.0,40891.0,69154.0,704299.0,632281.0,98076.0,170094.0
2008-12-16,825334.0,221739.0,390187.0,193734.0,10863.0,16741.0,105091.0,67556.0,47339.0,58189.0,50838.0,70674.0,713507.0,654198.0,111827.0,171136.0
2008-12-09,823600.0,227911.0,382721.0,196625.0,10454.0,16957.0,100367.0,74968.0,46700.0,57824.0,54732.0,66784.0,713168.0,653316.0,110432.0,170284.0
2008-12-02,848682.0,244358.0,400972.0,200633.0,7769.0,15393.0,96989.0,72984.0,48846.0,53627.0,56617.0,74887.0,734733.0,677468.0,113949.0,171214.0
2008-11-25,894918.0,253781.0,417564.0,198917.0,7164.0,15941.0,99063.0,69213.0,53657.0,59156.0,53658.0,77155.0,757670.0,694352.0,137248.0,200566.0
2008-11-18,994551.0,266972.0,455832.0,202435.0,18595.0,30299.0,98491.0,80820.0,64528.0,97202.0,65637.0,103077.0,863004.0,818788.0,131547.0,175763.0
2008-11-11,1009051.0,276604.0,461775.0,200873.0,18081.0,31040.0,100087.0,84947.0,61646.0,106166.0,67345.0,103619.0,880035.0,828453.0,129016.0,180598.0
2008-11-04,999065.0,273356.0,480633.0,203103.0,24220.0,27676.0,104867.0,62530.0,60689.0,111514.0,60838.0,89572.0,870777.0,806158.0,128288.0,192907.0
2008-10-28,982689.0,273892.0,482907.0,207121.0,22082.0,29490.0,107619.0,63866.0,62040.0,101103.0,57837.0,85282.0,866547.0,803504.0,116142.0,179185.0
2008-10-21,986935.0,266199.0,500231.0,219271.0,20380.0,23280.0,107339.0,56461.0,65250.0,102220.0,46403.0,87582.0,871141.0,799587.0,115794.0,187348.0
2008-10-14,997816.0,259502.0,516225.0,229590.0,17736.0,20481.0,115136.0,49959.0,62200.0,104392.0,48597.0,91212.0,882513.0,806410.0,115303.0,191406.0
2008-10-07,1011641.0,256605.0,515335.0,242184.0,28448.0,18447.0,130343.0,43912.0,60799.0,109803.0,61851.0,83156.0,901337.0,811948.0,110304.0,199693.0
2008-09-30,1035355.0,239873.0,545519.0,262655.0,29745.0,14155.0,143140.0,39310.0,57467.0,125471.0,60611.0,82282.0,925043.0,829089.0,110312.0,206266.0
2008-09-23,1037977.0,224806.0,567793.0,273045.0,29633.0,17619.0,153664.0,33197.0,56648.0,125115.0,56661.0,75962.0,926859.0,837513.0,111118.0,200464.0
2008-09-16,1070817.0,226912.0,569750.0,292698.0,33410.0,19282.0,150608.0,39485.0,56318.0,127376.0,62213.0,81502.0,954696.0,861960.0,116121.0,208857.0
2008-09-09,1052778.0,220852.0,568268.0,298159.0,32711.0,19941.0,162560.0,39566.0,54080.0,118571.0,61435.0,74660.0,948823.0,850661.0,103955.0,202117.0
2008-09-02,1065835.0,219810.0,580930.0,301301.0,32431.0,21588.0,166809.0,41707.0,56724.0,122375.0,58970.0,72160.0,960767.0,864510.0,105068.0,201325.0
2008-08-26,1127517.0,232600.0,600988.0,301506.0,32973.0,22702.0,172425.0,44256.0,60403.0,125172.0,60180.0,98886.0,1013694.0,920388.0,113823.0,207129.0
2008-08-19,1157404.0,241292.0,607461.0,298115.0,32610.0,23039.0,179881.0,49657.0,61252.0,135013.0,65902.0,108677.0,1047269.0,948598.0,110135.0,208806.0
2008-08-12,1196785.0,257468.0,628843.0,302555.0,27437.0,22772.0,182989.0,53298.0,63300.0,130484.0,66261.0,109262.0,1068830.0,971173.0,127955.0,225612.0
2008-08-05,1220735.0,250022.0,649508.0,310374.0,27616.0,24847.0,192860.0,43114.0,79064.0,142109.0,65707.0,94954.0,1094230.0,984810.0,126505.0,235925.0
2008-07-29,1227875.0,239421.0,670659.0,312133.0,25819.0,22094.0,200643.0,38545.0,82689.0,154065.0,57470.0,102272.0,1113317.0,999548.0,114558.0,228327.0
2008-07-22,1296404.0,258609.0,701876.0,331957.0,27311.0,25725.0,214830.0,52884.0,86567.0,147828.0,63706.0,109861.0,1175377.0,1067930.0,121027.0,228474.0
2008-07-15,1300222.0,229316.0,722097.0,349018.0,26875.0,25543.0,229462.0,62038.0,80408.0,164899.0,53087.0,102048.0,1180694.0,1072096.0,119528.0,228126.0
2008-07-08,1282981.0,197286.0,737712.0,358988.0,26835.0,24553.0,240804.0,42937.0,72101.0,169617.0,55438.0,98511.0,1161860.0,1058087.0,121121.0,224894.0
2008-07-01,1317496.0,178706.0,754365.0,364354.0,26814.0,24535.0,258632.0,52538.0,71524.0,177518.0,54665.0,108186.0,1183455.0,1092627.0,134041.0,224869.0
2008-06-24,1366107.0,204758.0,782558.0,377058.0,26721.0,24272.0,270603.0,50282.0,71781.0,172717.0,53309.0,113771.0,1234960.0,1122694.0,131147.0,243413.0
2008-06-17,1425629.0,223091.0,809293.0,377179.0,26451.0,30868.0,280930.0,68256.0,72972.0,175412.0,57871.0,115213.0,1275665.0,1180924.0,149964.0,244705.0
2008-06-10,1412551.0,215034.0,822089.0,372168.0,26034.0,25760.0,290004.0,65079.0,68912.0,188161.0,54260.0,102506.0,1262545.0,1164640.0,150006.0,247911.0
2008-06-03,1405256.0,240438.0,815966.0,362741.0,23671.0,24723.0,258269.0,57322.0,92681.0,190921.0,47718.0,99484.0,1269257.0,1161565.0,135999.0,243691.0
2008-05-27,1401116.0,237228.0,839505.0,378685.0,23900.0,17639.0,263053.0,57369.0,91850.0,195062.0,48426.0,91953.0,1275470.0,1170642.0,125646.0,230474.0
2008-05-20,1401669.0,235763.0,848484.0,379209.0,23790.0,15336.0,261436.0,55103.0,93143.0,201057.0,47269.0,83713.0,1269657.0,1166838.0,132012.0,234831.0
2008-05-13,1414456.0,227761.0,855051.0,397591.0,23851.0,14761.0,268982.0,65719.0,88567.0,198082.0,50684.0,81014.0,1276758.0,1179647.0,137698.0,234809.0
2008-05-06,1404651.0,228982.0,854907.0,389838.0,3158.0,12182.0,272689.0,59849.0,95923.0,192161.0,71939.0,78862.0,1270637.0,1176820.0,134014.0,227831.0
2008-04-29,1430665.0,229658.0,854756.0,397298.0,3118.0,11787.0,262735.0,66187.0,91115.0,188574.0,72639.0,104267.0,1285434.0,1203869.0,145231.0,226796.0
2008-04-22,1488009.0,254717.0,888687.0,391401.0,3243.0,19329.0,263684.0,46760.0,106658.0,186130.0,66637.0,121107.0,1343026.0,1252421.0,144983.0,235588.0
2008-04-15,1467002.0,243844.0,878445.0,388815.0,0.0,20901.0,271504.0,46374.0,90469.0,175892.0,65938.0,114965.0,1306390.0,1217092.0,160612.0,249910.0
2008-04-08,1421150.0,243756.0,873083.0,390115.0,35.0,20571.0,253787.0,45831.0,82179.0,181702.0,63299.0,93380.0,1265490.0,1178378.0,155660.0,242772.0
2008-04-01,1396547.0,260859.0,861274.0,388053.0,0.0,16333.0,224978.0,45761.0,87721.0,176962.0,65311.0,89715.0,1244621.0,1166115.0,151926.0,230432.0
2008-03-25,1389904.0,292936.0,888453.0,383400.0,0.0,11382.0,225682.0,39117.0,97101.0,165351.0,56938.0,79982.0,1255834.0,1172973.0,134070.0,216931.0
2008-03-18,1426814.0,282127.0,926765.0,400349.0,0.0,11318.0,264285.0,36475.0,82483.0,162178.0,63561.0,78093.0,1280833.0,1198695.0,145981.0,228119.0
2008-03-11,1437046.0,264394.0,939826.0,396404.0,0.0,11313.0,293392.0,30054.0,81081.0,158859.0,63922.0,76006.0,1281449.0,1202202.0,155597.0,234844.0
2008-03-04,1449873.0,256935.0,946262.0,389739.0,0.0,16599.0,302689.0,35073.0,75905.0,170736.0,61960.0,78539.0,1291142.0,1214338.0,158731.0,235535.0
2008-02-26,1479276.0,258385.0,950910.0,390499.0,0.0,19242.0,303307.0,35961.0,73599.0,167732.0,55815.0,101576.0,1314340.0,1237103.0,164936.0,242173.0
2008-02-19,1474149.0,264983.0,920141.0,377952.0,0.0,16915.0,294194.0,50790.0,85472.0,189651.0,60444.0,87506.0,1316673.0,1221268.0,157476.0,252881.0
2008-02-12,1452992.0,282087.0,897643.0,362470.0,54.0,17908.0,288357.0,56295.0,75726.0,184146.0,59950.0,79758.0,1290452.0,1187334.0,162540.0,265658.0
2008-02-05,1454562.0,280802.0,890033.0,369861.0,1183.0,19376.0,287601.0,59574.0,69502.0,173278.0,58399.0,88226.0,1288646.0,1186293.0,165916.0,268269.0
2008-01-29,1424970.0,289140.0,868650.0,360789.0,1210.0,20500.0,270675.0,57115.0,68766.0,173646.0,55782.0,83342.0,1266858.0,1155365.0,158112.0,269605.0
2008-01-22,1429394.0,290806.0,863007.0,358569.0,1234.0,19128.0,301200.0,63038.0,67725.0,155120.0,58604.0,80165.0,1272713.0,1152901.0,156681.0,276493.0
2008-01-15,1397501.0,277687.0,868152.0,362321.0,1415.0,13064.0,292976.0,59978.0,60084.0,169890.0,53299.0,71724.0,1247746.0,1127716.0,149755.0,269785.0
2008-01-08,1341299.0,270977.0,854956.0,352080.0,146.0,9374.0,291621.0,55066.0,51444.0,152284.0,50614.0,66502.0,1194282.0,1088102.0,147017.0,253197.0
2007-12-31,1291607.0,262046.0,833143.0,348264.0,288.0,5052.0,279746.0,54560.0,50320.0,150407.0,46046.0,59748.0,1155583.0,1049157.0,136024.0,242450.0
2007-12-24,1251550.0,250373.0,814875.0,344167.0,281.0,4397.0,267128.0,47498.0,50626.0,148807.0,44825.0,54619.0,1120117.0,1017121.0,131433.0,234429.0
2007-12-18,1222721.0,244459.0,788525.0,338052.0,823.0,4940.0,260727.0,48164.0,46616.0,133745.0,35356.0,61827.0,1090366.0,986251.0,132355.0,236470.0
2007-12-11,1188165.0,238396.0,751408.0,337043.0,272.0,4496.0,238263.0,54595.0,39595.0,127512.0,34430.0,69802.0,1055107.0,954598.0,133058.0,233567.0
2007-12-04,1141834.0,231859.0,709168.0,327133.0,272.0,5719.0,224123.0,46673.0,37320.0,114686.0,33980.0,74422.0,1015262.0,907554.0,126572.0,234280.0
2007-11-27,1158555.0,254550.0,704051.0,316992.0,128.0,5903.0,209706.0,45197.0,47371.0,104004.0,33463.0,79216.0,1017742.0,915329.0,140813.0,243226.0
2007-11-20,1198287.0,257917.0,710076.0,324672.0,2526.0,9566.0,217100.0,57792.0,47755.0,108128.0,32867.0,83898.0,1049036.0,944480.0,149251.0,253807.0
2007-11-13,1234082.0,262186.0,702004.0,323735.0,1403.0,8120.0,212401.0,62772.0,40566.0,143881.0,60977.0,105183.0,1096072.0,981025.0,138010.0,253057.0
2007-11-06,1232612.0,254120.0,684136.0,323337.0,787.0,9723.0,210362.0,68856.0,46521.0,140713.0,56169.0,115674.0,1100450.0,981866.0,132162.0,250746.0
2007-10-30,1190794.0,256115.0,650165.0,321297.0,718.0,9211.0,181260.0,69909.0,54316.0,142464.0,64435.0,99003.0,1063666.0,947757.0,127128.0,243037.0
2007-10-23,1173871.0,258439.0,630598.0,318308.0,563.0,8364.0,174748.0,79648.0,54026.0,141014.0,71161.0,93988.0,1048887.0,938348.0,124984.0,235523.0
2007-10-16,1160813.0,256799.0,626262.0,317313.0,1545.0,7033.0,172541.0,82196.0,48630.0,144770.0,69107.0,89412.0,1036498.0,924185.0,124315.0,236628.0
2007-10-09,1140959.0,250626.0,616061.0,314285.0,750.0,7380.0,169200.0,80134.0,49780.0,144215.0,73992.0,80723.0,1016209.0,908820.0,124750.0,232139.0
2007-10-02,1152216.0,242645.0,644449.0,318341.0,777.0,7253.0,192458.0,73692.0,47247.0,144401.0,77225.0,76806.0,1029151.0,927449.0,123065.0,224767.0
2007-09-25,1140593.0,236921.0,660650.0,315867.0,1235.0,7088.0,196774.0,63861.0,44628.0,147825.0,74094.0,69686.0,1018789.0,921242.0,121804.0,219351.0
2007-09-18,1101748.0,239967.0,637236.0,312583.0,3081.0,7579.0,178202.0,67310.0,44730.0,145285.0,66575.0,59587.0,987933.0,886098.0,113815.0,215650.0
2007-09-11,1086962.0,240220.0,617991.0,311712.0,3475.0,7379.0,168467.0,71201.0,46296.0,142808.0,65477.0,59106.0,975988.0,870925.0,110974.0,216037.0
2007-09-04,1089568.0,236124.0,621361.0,320156.0,3685.0,6933.0,166096.0,65893.0,44302.0,138276.0,69043.0,62066.0,973953.0,873283.0,115615.0,216285.0
2007-08-28,1096232.0,232667.0,631751.0,315555.0,3561.0,6319.0,176065.0,64726.0,44511.0,141612.0,65187.0,60451.0,977180.0,876506.0,119052.0,219726.0
2007-08-21,1105178.0,229588.0,628588.0,315593.0,5278.0,8818.0,169966.0,60874.0,55486.0,139279.0,65334.0,62645.0,981375.0,887023.0,123803.0,218155.0
2007-08-14,1133449.0,231675.0,644807.0,325036.0,5384.0,7285.0,168005.0,62741.0,51873.0,141245.0,61553.0,77660.0,1002779.0,911303.0,130670.0,222146.0
2007-08-07,1193831.0,240006.0,654217.0,331386.0,6143.0,7593.0,173665.0,73924.0,76638.0,139284.0,62306.0,94722.0,1063294.0,975543.0,130537.0,218288.0
2007-07-31,1219615.0,247651.0,664258.0,330954.0,5526.0,8611.0,181248.0,83813.0,80106.0,140343.0,61493.0,98207.0,1087120.0,1002014.0,132495.0,217601.0
2007-07-24,1222222.0,260373.0,674045.0,332896.0,3410.0,11410.0,177579.0,83593.0,83395.0,141858.0,67905.0,87199.0,1094710.0,1010957.0,127512.0,211265.0
2007-07-17,1229696.0,250882.0,672344.0,330421.0,811.0,12407.0,178403.0,88737.0,100782.0,150769.0,70535.0,65871.0,1089535.0,1011487.0,140161.0,218209.0
2007-07-10,1197980.0,238834.0,688598.0,329048.0,779.0,11477.0,187497.0,74352.0,94158.0,148203.0,66502.0,51778.0,1060995.0,987644.0,136985.0,210336.0
2007-07-03,1190115.0,248839.0,695048.0,330473.0,774.0,9436.0,182198.0,69178.0,90292.0,144347.0,71889.0,49187.0,1054772.0,985804.0,135343.0,204311.0
2007-06-26,1188186.0,235021.0,735988.0,336863.0,920.0,6442.0,193130.0,54573.0,85012.0,144866.0,57498.0,39481.0,1040815.0,979914.0,147371.0,208272.0
2007-06-19,1265090.0,235294.0,781216.0,334329.0,980.0,11698.0,226040.0,49811.0,98713.0,154266.0,63103.0,39111.0,1099451.0,1044632.0,165639.0,220458.0
2007-06-12,1259840.0,243704.0,771158.0,333230.0,650.0,9629.0,195908.0,50134.0,105117.0,159894.0,53578.0,48931.0,1096413.0,1039197.0,163427.0,220643.0
2007-06-05,1267354.0,246987.0,760868.0,332679.0,1831.0,11544.0,191607.0,58632.0,113402.0,165710.0,49486.0,48509.0,1110438.0,1044272.0,156916.0,223082.0
2007-05-29,1260105.0,275208.0,742199.0,324512.0,2383.0,8229.0,175267.0,73068.0,107604.0,163690.0,53094.0,54285.0,1108795.0,1040862.0,151310.0,219243.0
2007-05-22,1242385.0,266792.0,746420.0,320902.0,2022.0,8268.0,176608.0,62799.0,101709.0,162961.0,51103.0,56823.0,1094063.0,1029144.0,148322.0,213241.0
2007-05-15,1269267.0,274425.0,761378.0,322683.0,1620.0,8048.0,185872.0,60013.0,99318.0,163396.0,51230.0,67454.0,1121196.0,1049061.0,148071.0,220206.0
2007-05-08,1261876.0,271958.0,771216.0,329890.0,2276.0,8158.0,181057.0,47704.0,92306.0,162585.0,53514.0,62020.0,1107974.0,1037194.0,153902.0,224682.0
2007-05-01,1257301.0,268564.0,771595.0,328070.0,2452.0,8098.0,192551.0,48664.0,87293.0,155419.0,48482.0,66810.0,1106805.0,1033394.0,150496.0,223907.0
2007-04-24,1278711.0,281468.0,770952.0,326381.0,2432.0,8994.0,177069.0,45072.0,99376.0,155301.0,47592.0,72457.0,1121046.0,1046875.0,157665.0,231836.0
2007-04-17,1363284.0,279838.0,792159.0,324538.0,2351.0,9276.0,172291.0,58248.0,112151.0,185857.0,37717.0,109119.0,1193070.0,1121021.0,170214.0,242263.0
2007-04-10,1399142.0,300883.0,822731.0,320567.0,1961.0,6217.0,167259.0,51017.0,112709.0,194495.0,36220.0,122094.0,1224224.0,1152949.0,174918.0,246193.0
2007-04-03,1428352.0,319438.0,837145.0,325543.0,970.0,8946.0,159193.0,46833.0,117111.0,191391.0,35505.0,131705.0,1253327.0,1178215.0,175025.0,250137.0
2007-03-27,1406463.0,290557.0,859020.0,348609.0,458.0,9204.0,212009.0,44639.0,97566.0,174877.0,42532.0,103592.0,1236414.0,1157011.0,170049.0,249452.0
2007-03-20,1418803.0,290335.0,874628.0,340006.0,633.0,8440.0,213573.0,39269.0,101904.0,189510.0,41911.0,99634.0,1243402.0,1166419.0,175401.0,252384.0
2007-03-13,1428403.0,291949.0,878551.0,342155.0,683.0,9892.0,227975.0,43529.0,94833.0,181201.0,43639.0,106642.0,1254647.0,1177769.0,173756.0,250634.0
2007-03-06,1441888.0,276306.0,901777.0,344379.0,0.0,9609.0,250071.0,39543.0,88504.0,191976.0,42538.0,96786.0,1257631.0,1178757.0,184257.0,263131.0
2007-02-27,1486994.0,274194.0,930137.0,345456.0,0.0,9538.0,268079.0,30320.0,84068.0,196144.0,38822.0,116777.0,1294256.0,1209662.0,192738.0,277332.0
2007-02-20,1523926.0,301682.0,941324.0,336633.0,0.0,18413.0,272867.0,36970.0,80984.0,193483.0,42000.0,129273.0,1333335.0,1248964.0,190591.0,274962.0
2007-02-13,1499458.0,298103.0,908933.0,327748.0,0.0,17330.0,266712.0,32146.0,84070.0,178707.0,43725.0,134359.0,1307029.0,1220563.0,192429.0,278895.0
2007-02-06,1488786.0,311814.0,886346.0,327806.0,0.0,20688.0,245505.0,38536.0,82548.0,161825.0,41817.0,145140.0,1295326.0,1215075.0,193460.0,273711.0
2007-01-30,1485266.0,310206.0,891929.0,332208.0,0.0,20330.0,248530.0,28413.0,88414.0,153792.0,41824.0,137996.0,1291476.0,1208906.0,193790.0,276360.0
2007-01-23,1487437.0,314846.0,899279.0,337117.0,1800.0,20821.0,250491.0,33778.0,82541.0,159125.0,42682.0,137314.0,1302255.0,1218215.0,185182.0,269222.0
2007-01-16,1450684.0,291509.0,860800.0,347794.0,205.0,18477.0,238130.0,34146.0,93343.0,160059.0,41192.0,127502.0,1276814.0,1175665.0,173870.0,275019.0
2007-01-09,1404842.0,278936.0,827386.0,387939.0,385.0,14619.0,224717.0,39615.0,92972.0,134995.0,40171.0,123267.0,1257445.0,1138415.0,147397.0,266427.0
2007-01-03,1411619.0,258959.0,851592.0,404469.0,285.0,13546.0,235603.0,33577.0,88994.0,136906.0,38417.0,117249.0,1255726.0,1143660.0,155893.0,267959.0
2006-12-26,1390388.0,260348.0,854100.0,399888.0,921.0,15428.0,232432.0,16331.0,89886.0,139478.0,45715.0,107871.0,1245331.0,1130252.0,145057.0,260136.0
2006-12-19,1379829.0,258953.0,844478.0,397727.0,577.0,15778.0,237039.0,17684.0,84678.0,130060.0,45734.0,113131.0,1237366.0,1122060.0,142463.0,257769.0
2006-12-12,1383139.0,261102.0,844719.0,399506.0,672.0,18835.0,236275.0,16594.0,85101.0,120388.0,47743.0,112312.0,1233519.0,1125976.0,149620.0,257163.0
2006-12-05,1374454.0,264996.0,845595.0,402094.0,459.0,19674.0,228447.0,19752.0,83291.0,118432.0,47582.0,105529.0,1222463.0,1121882.0,151991.0,252572.0
2006-11-28,1397402.0,274415.0,857417.0,399068.0,786.0,18635.0,228607.0,17399.0,89099.0,119163.0,48189.0,101838.0,1230825.0,1133363.0,166577.0,264039.0
2006-11-21,1393660.0,279700.0,827999.0,386071.0,804.0,25896.0,234138.0,22669.0,100534.0,116094.0,48308.0,112278.0,1254711.0,1138488.0,138949.0,255172.0
2006-11-14,1412250.0,287806.0,799705.0,378736.0,1666.0,28383.0,232550.0,37864.0,94633.0,102063.0,53770.0,119463.0,1243634.0,1135484.0,168616.0,276766.0
2006-11-07,1408139.0,272983.0,781098.0,390402.0,1579.0,15106.0,225601.0,39592.0,108758.0,98479.0,53520.0,114538.0,1225867.0,1114191.0,182272.0,293948.0
2006-10-31,1374941.0,263741.0,750061.0,394910.0,2566.0,11936.0,221568.0,40115.0,109481.0,94824.0,57279.0,118265.0,1214725.0,1089703.0,160216.0,285238.0
2006-10-24,1341536.0,249417.0,742989.0,392436.0,2010.0,10315.0,217305.0,35459.0,101367.0,102548.0,58821.0,109357.0,1182745.0,1060318.0,158791.0,281218.0
2006-10-17,1296995.0,230055.0,708103.0,393144.0,1240.0,10506.0,220821.0,33662.0,100219.0,84923.0,69651.0,93688.0,1133356.0,1017069.0,163639.0,279926.0
2006-10-10,1278905.0,205088.0,662257.0,387355.0,24.0,11241.0,214712.0,43566.0,109875.0,82454.0,67614.0,108038.0,1118763.0,1002615.0,160142.0,276290.0
2006-10-03,1288905.0,208210.0,652913.0,387507.0,556.0,11435.0,210657.0,52597.0,117723.0,84713.0,66585.0,110542.0,1130787.0,1012351.0,158118.0,276554.0
2006-09-26,1301867.0,206350.0,632372.0,388898.0,5214.0,10647.0,198232.0,73424.0,124782.0,90071.0,56594.0,125054.0,1144034.0,1028087.0,157833.0,273780.0
2006-09-19,1298052.0,205281.0,596548.0,385746.0,7174.0,8853.0,183081.0,119354.0,122095.0,100024.0,47602.0,123285.0,1128365.0,1024911.0,169687.0,273141.0
2006-09-12,1320852.0,212216.0,595735.0,392406.0,7120.0,8706.0,180927.0,129846.0,130572.0,101669.0,50078.0,120961.0,1147457.0,1043018.0,173395.0,277834.0
2006-09-05,1310702.0,200136.0,600116.0,391073.0,6809.0,10273.0,192235.0,122270.0,121180.0,101885.0,48681.0,135840.0,1152622.0,1045169.0,158080.0,265533.0
2006-08-29,1317905.0,220120.0,610711.0,388581.0,6315.0,7270.0,190301.0,128802.0,120179.0,97395.0,47618.0,134417.0,1158263.0,1055312.0,159642.0,262593.0
2006-08-22,1331646.0,234999.0,628555.0,383466.0,5050.0,7465.0,181296.0,124887.0,125203.0,105713.0,43283.0,129731.0,1167873.0,1064174.0,163773.0,267472.0
2006-08-15,1342389.0,237444.0,642524.0,380013.0,3506.0,6778.0,176331.0,111047.0,130633.0,112680.0,41418.0,136006.0,1179885.0,1071912.0,162504.0,270477.0
2006-08-08,1366163.0,204653.0,670462.0,391300.0,2548.0,5072.0,197286.0,68608.0,129151.0,107713.0,52202.0,160936.0,1196111.0,1088979.0,170052.0,277184.0
2006-08-01,1399222.0,213984.0,684728.0,386537.0,1939.0,5935.0,198921.0,66427.0,134199.0,108755.0,51605.0,178090.0,1226421.0,1122923.0,172801.0,276299.0
2006-07-25,1393192.0,224659.0,692935.0,381170.0,532.0,8881.0,191108.0,54089.0,131908.0,106806.0,47552.0,181385.0,1225917.0,1117282.0,167275.0,275910.0
2006-07-18,1355524.0,214759.0,692443.0,387292.0,132.0,8786.0,204355.0,37435.0,128375.0,86867.0,56827.0,162596.0,1193030.0,1086594.0,162494.0,268930.0
2006-07-11,1333225.0,216968.0,673110.0,374780.0,1898.0,10024.0,197118.0,70423.0,123139.0,105437.0,49807.0,145728.0,1173194.0,1074129.0,160031.0,259096.0
2006-07-03,1327482.0,220552.0,648405.0,367809.0,10016.0,8367.0,188379.0,100270.0,111608.0,114993.0,41721.0,147161.0,1158869.0,1067548.0,168613.0,259934.0
2006-06-27,1329400.0,234769.0,645735.0,365562.0,14955.0,7488.0,175000.0,86829.0,116399.0,107220.0,41608.0,152194.0,1158632.0,1065208.0,170768.0,264192.0
2006-06-20,1321520.0,224476.0,666688.0,365808.0,6396.0,6929.0,181559.0,63207.0,116365.0,117004.0,48192.0,136968.0,1149109.0,1044745.0,172411.0,276775.0
2006-06-13,1320155.0,209662.0,699163.0,369306.0,987.0,8015.0,206785.0,43977.0,100938.0,114262.0,49436.0,131054.0,1140022.0,1033570.0,180133.0,286585.0
